[
    {
        "date": 0,
        "deltas": [
            0.5045011845381084
        ],
        "deltasStdDev": [
            0.0016909564158618592
        ],
        "price": 5.646073741742659,
        "priceStdDev": 0.028604365832525246,
        "value": 5.646073741742659
    },
    {
        "date": 1,
        "deltas": [
            0.5136360207940557
        ],
        "deltasStdDev": [
            0.001690978280420879
        ],
        "price": 5.7861389477238525,
        "priceStdDev": 0.02882001608066424,
        "value": 5.749911658346278
    },
    {
        "date": 2,
        "deltas": [
            0.48703656393240474
        ],
        "deltasStdDev": [
            0.0016886041181210928
        ],
        "price": 5.255377301114301,
        "priceStdDev": 0.02741875668235021,
        "value": 5.249024313685226
    },
    {
        "date": 3,
        "deltas": [
            0.5045735547201861
        ],
        "deltasStdDev": [
            0.001687664207317813
        ],
        "price": 5.581413431836032,
        "priceStdDev": 0.028323604254320293,
        "value": 5.641074974288458
    },
    {
        "date": 4,
        "deltas": [
            0.491191992230869
        ],
        "deltasStdDev": [
            0.0016879767152298735
        ],
        "price": 5.347027880762593,
        "priceStdDev": 0.027662878395877392,
        "value": 5.3921395570176855
    },
    {
        "date": 5,
        "deltas": [
            0.4837761243494889
        ],
        "deltasStdDev": [
            0.0016861269649300272
        ],
        "price": 5.1882632593208395,
        "priceStdDev": 0.02717497128383181,
        "value": 5.272078905292304
    },
    {
        "date": 6,
        "deltas": [
            0.5126081249562427
        ],
        "deltasStdDev": [
            0.0016849284664624859
        ],
        "price": 5.686028646969769,
        "priceStdDev": 0.028252914126818206,
        "value": 5.808579002048397
    },
    {
        "date": 7,
        "deltas": [
            0.5474740156371541
        ],
        "deltasStdDev": [
            0.0016787730873563363
        ],
        "price": 6.315620990849506,
        "priceStdDev": 0.02983748995404945,
        "value": 6.393439092733075
    },
    {
        "date": 8,
        "deltas": [
            0.6134757720928261
        ],
        "deltasStdDev": [
            0.0016434669518075374
        ],
        "price": 7.693149306143316,
        "priceStdDev": 0.0325611494968438,
        "value": 7.784995926836984
    },
    {
        "date": 9,
        "deltas": [
            0.6218641810791112
        ],
        "deltasStdDev": [
            0.0016365347692074135
        ],
        "price": 7.919749675012104,
        "priceStdDev": 0.03305436441832799,
        "value": 7.993248982374141
    },
    {
        "date": 10,
        "deltas": [
            0.6160165675537784
        ],
        "deltasStdDev": [
            0.0016400780135934954
        ],
        "price": 7.706731900953142,
        "priceStdDev": 0.03238996656029086,
        "value": 7.829121508225285
    },
    {
        "date": 11,
        "deltas": [
            0.6386836133768504
        ],
        "deltasStdDev": [
            0.0016202202614165936
        ],
        "price": 8.219952217466664,
        "priceStdDev": 0.03330176374432049,
        "value": 8.354872764477392
    },
    {
        "date": 12,
        "deltas": [
            0.6083669305862829
        ],
        "deltasStdDev": [
            0.0016451277037920153
        ],
        "price": 7.519421124570083,
        "priceStdDev": 0.03194379113534663,
        "value": 7.653861767748566
    },
    {
        "date": 13,
        "deltas": [
            0.6040272538333791
        ],
        "deltasStdDev": [
            0.0016473892681405512
        ],
        "price": 7.377785998765428,
        "priceStdDev": 0.031512975438427876,
        "value": 7.499646874389896
    },
    {
        "date": 14,
        "deltas": [
            0.627285514092595
        ],
        "deltasStdDev": [
            0.0016296779360192844
        ],
        "price": 7.874271982633652,
        "priceStdDev": 0.03237216145550856,
        "value": 8.007991813874625
    },
    {
        "date": 15,
        "deltas": [
            0.5794744175858763
        ],
        "deltasStdDev": [
            0.0016606300675310007
        ],
        "price": 6.739530310109389,
        "priceStdDev": 0.030015509119225486,
        "value": 6.823757918031603
    },
    {
        "date": 16,
        "deltas": [
            0.570003687577931
        ],
        "deltasStdDev": [
            0.0016636573603061792
        ],
        "price": 6.561339758447276,
        "priceStdDev": 0.029508126034589414,
        "value": 6.7052793290344255
    },
    {
        "date": 17,
        "deltas": [
            0.5576900439791146
        ],
        "deltasStdDev": [
            0.0016650636050409187
        ],
        "price": 6.261018683589904,
        "priceStdDev": 0.028859457563569182,
        "value": 6.4664970487852855
    },
    {
        "date": 18,
        "deltas": [
            0.5361547142539745
        ],
        "deltasStdDev": [
            0.0016723272777148695
        ],
        "price": 5.818343182534715,
        "priceStdDev": 0.027788583615536707,
        "value": 6.000215647156168
    },
    {
        "date": 19,
        "deltas": [
            0.5384823810528279
        ],
        "deltasStdDev": [
            0.0016712621298567978
        ],
        "price": 5.854495941160401,
        "priceStdDev": 0.02779957171413327,
        "value": 6.052040626576854
    },
    {
        "date": 20,
        "deltas": [
            0.5317094878182451
        ],
        "deltasStdDev": [
            0.0016714088751552535
        ],
        "price": 5.658289359543071,
        "priceStdDev": 0.027073958460106573,
        "value": 5.891294530366963
    },
    {
        "date": 21,
        "deltas": [
            0.5491581401062006
        ],
        "deltasStdDev": [
            0.0016658222393289182
        ],
        "price": 6.010660578380556,
        "priceStdDev": 0.028001903661253838,
        "value": 6.2817107546327975
    },
    {
        "date": 22,
        "deltas": [
            0.5122323380426719
        ],
        "deltasStdDev": [
            0.0016713279705904069
        ],
        "price": 5.316193102712134,
        "priceStdDev": 0.026247630428725847,
        "value": 5.588052019344303
    },
    {
        "date": 23,
        "deltas": [
            0.4871473309327958
        ],
        "deltasStdDev": [
            0.0016705528510778448
        ],
        "price": 4.834350467223752,
        "priceStdDev": 0.025014614317891055,
        "value": 5.083664513763935
    },
    {
        "date": 24,
        "deltas": [
            0.49484162546203886
        ],
        "deltasStdDev": [
            0.0016706641115632672
        ],
        "price": 4.949881762164901,
        "priceStdDev": 0.025185294352952525,
        "value": 5.233195939270779
    },
    {
        "date": 25,
        "deltas": [
            0.5483205809003507
        ],
        "deltasStdDev": [
            0.0016622124964135647
        ],
        "price": 5.855201516010228,
        "priceStdDev": 0.027207551679179355,
        "value": 6.160551648118997
    },
    {
        "date": 26,
        "deltas": [
            0.5505726956612664
        ],
        "deltasStdDev": [
            0.0016618852866152202
        ],
        "price": 5.891601401588439,
        "priceStdDev": 0.02731743741755985,
        "value": 6.178000050279664
    },
    {
        "date": 27,
        "deltas": [
            0.48269866212966944
        ],
        "deltasStdDev": [
            0.0016668561623854625
        ],
        "price": 4.6600028474418735,
        "priceStdDev": 0.024194532468627957,
        "value": 4.8729906629263695
    },
    {
        "date": 28,
        "deltas": [
            0.44363688042989663
        ],
        "deltasStdDev": [
            0.0016542745356215142
        ],
        "price": 4.063429454360444,
        "priceStdDev": 0.022664840575080294,
        "value": 4.291365494630348
    },
    {
        "date": 29,
        "deltas": [
            0.3808740382055233
        ],
        "deltasStdDev": [
            0.0016170797879345518
        ],
        "price": 3.1991743548715466,
        "priceStdDev": 0.019944622881238997,
        "value": 3.400295009112554
    },
    {
        "date": 30,
        "deltas": [
            0.41334255467050296
        ],
        "deltasStdDev": [
            0.0016382471641385125
        ],
        "price": 3.58419681666143,
        "priceStdDev": 0.020969162036667943,
        "value": 3.794959857367651
    },
    {
        "date": 31,
        "deltas": [
            0.49351795175003194
        ],
        "deltasStdDev": [
            0.0016640506859914935
        ],
        "price": 4.766289788291436,
        "priceStdDev": 0.024313723123025047,
        "value": 4.880151576761868
    },
    {
        "date": 32,
        "deltas": [
            0.48393523042467573
        ],
        "deltasStdDev": [
            0.0016610923617592756
        ],
        "price": 4.570583321702639,
        "priceStdDev": 0.023729993890023254,
        "value": 4.751550567919182
    },
    {
        "date": 33,
        "deltas": [
            0.5594456576517275
        ],
        "deltasStdDev": [
            0.0016509167653525445
        ],
        "price": 5.823455572098949,
        "priceStdDev": 0.026543115720633274,
        "value": 5.94314251689817
    },
    {
        "date": 34,
        "deltas": [
            0.5459517440528104
        ],
        "deltasStdDev": [
            0.001655572710857315
        ],
        "price": 5.571701604574415,
        "priceStdDev": 0.025950668525824824,
        "value": 5.6739125194569056
    },
    {
        "date": 35,
        "deltas": [
            0.5124459478300342
        ],
        "deltasStdDev": [
            0.0016598584412849204
        ],
        "price": 4.973704904477077,
        "priceStdDev": 0.024505787508870006,
        "value": 5.113464405223567
    },
    {
        "date": 36,
        "deltas": [
            0.6031141939717299
        ],
        "deltasStdDev": [
            0.001626643599099018
        ],
        "price": 6.575972000735207,
        "priceStdDev": 0.027923874778702847,
        "value": 6.600922322419876
    },
    {
        "date": 37,
        "deltas": [
            0.6305186273609328
        ],
        "deltasStdDev": [
            0.0016050510988645718
        ],
        "price": 7.150700200008475,
        "priceStdDev": 0.02896894097911743,
        "value": 7.201637818158829
    },
    {
        "date": 38,
        "deltas": [
            0.6695623158299867
        ],
        "deltasStdDev": [
            0.0015656611347319117
        ],
        "price": 8.006168087236412,
        "priceStdDev": 0.030438400326104193,
        "value": 8.039575687452185
    },
    {
        "date": 39,
        "deltas": [
            0.6760775111786903
        ],
        "deltasStdDev": [
            0.0015562072863573024
        ],
        "price": 8.090953683799968,
        "priceStdDev": 0.030342176147974128,
        "value": 8.210479838392573
    },
    {
        "date": 40,
        "deltas": [
            0.6289266622842341
        ],
        "deltasStdDev": [
            0.0016023795478654226
        ],
        "price": 6.978417075964512,
        "priceStdDev": 0.028297919987924254,
        "value": 7.050148097645888
    },
    {
        "date": 41,
        "deltas": [
            0.6430506295964901
        ],
        "deltasStdDev": [
            0.0015895756522361756
        ],
        "price": 7.230932563992266,
        "priceStdDev": 0.02874133176655948,
        "value": 7.3003226359430755
    },
    {
        "date": 42,
        "deltas": [
            0.6828248421816852
        ],
        "deltasStdDev": [
            0.0015464836013064334
        ],
        "price": 8.157055397481551,
        "priceStdDev": 0.030291512797281938,
        "value": 8.210326884554405
    },
    {
        "date": 43,
        "deltas": [
            0.7303239166285539
        ],
        "deltasStdDev": [
            0.001475944894966353
        ],
        "price": 9.355172632754782,
        "priceStdDev": 0.03189990612872256,
        "value": 9.452113280962735
    },
    {
        "date": 44,
        "deltas": [
            0.7255664429840114
        ],
        "deltasStdDev": [
            0.0014847175976893463
        ],
        "price": 9.168058952147014,
        "priceStdDev": 0.03158935973360366,
        "value": 9.213955212995373
    },
    {
        "date": 45,
        "deltas": [
            0.7323816196930061
        ],
        "deltasStdDev": [
            0.0014724154193474141
        ],
        "price": 9.298976126549304,
        "priceStdDev": 0.031561547429633595,
        "value": 9.39564871335071
    },
    {
        "date": 46,
        "deltas": [
            0.7202769239626017
        ],
        "deltasStdDev": [
            0.001489759949049137
        ],
        "price": 8.881223621844192,
        "priceStdDev": 0.030759228264582248,
        "value": 9.030803986891613
    },
    {
        "date": 47,
        "deltas": [
            0.7363274549988973
        ],
        "deltasStdDev": [
            0.001464405902894194
        ],
        "price": 9.25432157856927,
        "priceStdDev": 0.031226488492257322,
        "value": 9.367313316079063
    },
    {
        "date": 48,
        "deltas": [
            0.7150907553112035
        ],
        "deltasStdDev": [
            0.0014964535249513194
        ],
        "price": 8.666468142729142,
        "priceStdDev": 0.030284368132354213,
        "value": 8.834078774225617
    },
    {
        "date": 49,
        "deltas": [
            0.6674278619423593
        ],
        "deltasStdDev": [
            0.0015547799034920462
        ],
        "price": 7.43237133095272,
        "priceStdDev": 0.028228625368909983,
        "value": 7.636954161590026
    },
    {
        "date": 50,
        "deltas": [
            0.6858933278068415
        ],
        "deltasStdDev": [
            0.0015336897366754684
        ],
        "price": 7.810428437104456,
        "priceStdDev": 0.028759436791623596,
        "value": 7.983735520105768
    },
    {
        "date": 51,
        "deltas": [
            0.6952573689992795
        ],
        "deltasStdDev": [
            0.0015206229790892193
        ],
        "price": 7.964327601895775,
        "priceStdDev": 0.028794420336486725,
        "value": 8.151196200159134
    },
    {
        "date": 52,
        "deltas": [
            0.6106634348110309
        ],
        "deltasStdDev": [
            0.0016037189466325099
        ],
        "price": 6.180813451933721,
        "priceStdDev": 0.025690009521398518,
        "value": 6.341051860804967
    },
    {
        "date": 53,
        "deltas": [
            0.5746169258182569
        ],
        "deltasStdDev": [
            0.001624925024355224
        ],
        "price": 5.467549030879857,
        "priceStdDev": 0.024164087866051804,
        "value": 5.584564996933295
    },
    {
        "date": 54,
        "deltas": [
            0.5200009233926507
        ],
        "deltasStdDev": [
            0.0016381530967520459
        ],
        "price": 4.6067060089225595,
        "priceStdDev": 0.022196088091656442,
        "value": 4.780586524395105
    },
    {
        "date": 55,
        "deltas": [
            0.5975364963341898
        ],
        "deltasStdDev": [
            0.0016091306351801147
        ],
        "price": 5.821076159740892,
        "priceStdDev": 0.024673986580133873,
        "value": 5.912211010984848
    },
    {
        "date": 56,
        "deltas": [
            0.6321177097760571
        ],
        "deltasStdDev": [
            0.0015816263541453786
        ],
        "price": 6.375068189040946,
        "priceStdDev": 0.0256281049168578,
        "value": 6.520280022526464
    },
    {
        "date": 57,
        "deltas": [
            0.7007944778439152
        ],
        "deltasStdDev": [
            0.0015043992574809994
        ],
        "price": 7.750234777082034,
        "priceStdDev": 0.027701758376472624,
        "value": 7.817752946614249
    },
    {
        "date": 58,
        "deltas": [
            0.6905723476296322
        ],
        "deltasStdDev": [
            0.0015174403283576437
        ],
        "price": 7.534955593469888,
        "priceStdDev": 0.027379235407962978,
        "value": 7.624573455864962
    },
    {
        "date": 59,
        "deltas": [
            0.67248067425022
        ],
        "deltasStdDev": [
            0.001538513598533699
        ],
        "price": 7.079557719787774,
        "priceStdDev": 0.026442903232897445,
        "value": 7.177348062823327
    },
    {
        "date": 60,
        "deltas": [
            0.6878029674511111
        ],
        "deltasStdDev": [
            0.0015189212574118446
        ],
        "price": 7.317862979800714,
        "priceStdDev": 0.026679392256070678,
        "value": 7.446324994785243
    },
    {
        "date": 61,
        "deltas": [
            0.6331269099154684
        ],
        "deltasStdDev": [
            0.0015762900579193615
        ],
        "price": 6.2182676334340705,
        "priceStdDev": 0.024798257647072972,
        "value": 6.346631680935332
    },
    {
        "date": 62,
        "deltas": [
            0.6527101934935327
        ],
        "deltasStdDev": [
            0.0015556101027058135
        ],
        "price": 6.536035842060482,
        "priceStdDev": 0.025153611476475154,
        "value": 6.708319671526937
    },
    {
        "date": 63,
        "deltas": [
            0.7031519281095754
        ],
        "deltasStdDev": [
            0.0014927164211702485
        ],
        "price": 7.462067556954083,
        "priceStdDev": 0.02652014560689343,
        "value": 7.664072048723398
    },
    {
        "date": 64,
        "deltas": [
            0.6273546659943787
        ],
        "deltasStdDev": [
            0.0015764026889687921
        ],
        "price": 5.936374049546339,
        "priceStdDev": 0.023847799500591172,
        "value": 6.051655653063534
    },
    {
        "date": 65,
        "deltas": [
            0.6712403918480433
        ],
        "deltasStdDev": [
            0.0015298089664039455
        ],
        "price": 6.693221304900231,
        "priceStdDev": 0.02498051930485352,
        "value": 6.8720877225972
    },
    {
        "date": 66,
        "deltas": [
            0.6217870984752831
        ],
        "deltasStdDev": [
            0.0015772927024363653
        ],
        "price": 5.770532371675652,
        "priceStdDev": 0.023376574658805944,
        "value": 5.868754043170412
    },
    {
        "date": 67,
        "deltas": [
            0.5578130305962199
        ],
        "deltasStdDev": [
            0.001613008992053879
        ],
        "price": 4.691956729913612,
        "priceStdDev": 0.021094749750270824,
        "value": 4.7973829932546295
    },
    {
        "date": 68,
        "deltas": [
            0.5959203299244448
        ],
        "deltasStdDev": [
            0.0015938068270143677
        ],
        "price": 5.2491774359799654,
        "priceStdDev": 0.02212396569417032,
        "value": 5.341059354419784
    },
    {
        "date": 69,
        "deltas": [
            0.5352706498627352
        ],
        "deltasStdDev": [
            0.0016153613720564272
        ],
        "price": 4.274260893025877,
        "priceStdDev": 0.019970393370763354,
        "value": 4.370446969444174
    },
    {
        "date": 70,
        "deltas": [
            0.5862255860649263
        ],
        "deltasStdDev": [
            0.001595835027322587
        ],
        "price": 4.984763424644522,
        "priceStdDev": 0.021371168544753655,
        "value": 5.0898520720311495
    },
    {
        "date": 71,
        "deltas": [
            0.5843324164831231
        ],
        "deltasStdDev": [
            0.0015953732092946367
        ],
        "price": 4.92582664928813,
        "priceStdDev": 0.02113575645312915,
        "value": 5.05649860560591
    },
    {
        "date": 72,
        "deltas": [
            0.5961876436686679
        ],
        "deltasStdDev": [
            0.0015877587674538527
        ],
        "price": 5.070502658638887,
        "priceStdDev": 0.021343382828286676,
        "value": 5.208029100762531
    },
    {
        "date": 73,
        "deltas": [
            0.6272241030351668
        ],
        "deltasStdDev": [
            0.0015638106644195898
        ],
        "price": 5.485583915939093,
        "priceStdDev": 0.02191476310776239,
        "value": 5.663883540705399
    },
    {
        "date": 74,
        "deltas": [
            0.7011839259315829
        ],
        "deltasStdDev": [
            0.0014838924466982386
        ],
        "price": 6.828883430447942,
        "priceStdDev": 0.024045956619080034,
        "value": 6.948562565735415
    },
    {
        "date": 75,
        "deltas": [
            0.7122022054202455
        ],
        "deltasStdDev": [
            0.0014648959804271556
        ],
        "price": 6.969749339531673,
        "priceStdDev": 0.02410944458789131,
        "value": 7.136914680124676
    },
    {
        "date": 76,
        "deltas": [
            0.7639236802041132
        ],
        "deltasStdDev": [
            0.0013752797878089835
        ],
        "price": 8.061880361668116,
        "priceStdDev": 0.02542593938515652,
        "value": 8.20732200967484
    },
    {
        "date": 77,
        "deltas": [
            0.7606236432141034
        ],
        "deltasStdDev": [
            0.0013809763222243135
        ],
        "price": 7.894186968564068,
        "priceStdDev": 0.02506443535876029,
        "value": 8.073978784977996
    },
    {
        "date": 78,
        "deltas": [
            0.7617094081315645
        ],
        "deltasStdDev": [
            0.0013766291247734568
        ],
        "price": 7.8310610421514095,
        "priceStdDev": 0.02480373426307261,
        "value": 8.018128268229333
    },
    {
        "date": 79,
        "deltas": [
            0.7863986824043143
        ],
        "deltasStdDev": [
            0.0013253557110035831
        ],
        "price": 8.375092004084088,
        "priceStdDev": 0.025259301942003976,
        "value": 8.568995167766616
    },
    {
        "date": 80,
        "deltas": [
            0.775754290546506
        ],
        "deltasStdDev": [
            0.0013458153006087204
        ],
        "price": 8.01239177053318,
        "priceStdDev": 0.024551117985219,
        "value": 8.265210369201185
    },
    {
        "date": 81,
        "deltas": [
            0.7339918906254908
        ],
        "deltasStdDev": [
            0.0014221587482381461
        ],
        "price": 6.9987093397114775,
        "priceStdDev": 0.023170988743862232,
        "value": 7.243034549276544
    },
    {
        "date": 82,
        "deltas": [
            0.6894959872455678
        ],
        "deltasStdDev": [
            0.0014842224572286227
        ],
        "price": 6.0676463963107,
        "priceStdDev": 0.02174779970187935,
        "value": 6.346220546738522
    },
    {
        "date": 83,
        "deltas": [
            0.6836771963601457
        ],
        "deltasStdDev": [
            0.0014915579021527916
        ],
        "price": 5.893629356866028,
        "priceStdDev": 0.021317448161801877,
        "value": 6.1829846452583155
    },
    {
        "date": 84,
        "deltas": [
            0.5535889149121153
        ],
        "deltasStdDev": [
            0.0015877529371100493
        ],
        "price": 3.9348729109434264,
        "priceStdDev": 0.017667491897197955,
        "value": 4.105247857947504
    },
    {
        "date": 85,
        "deltas": [
            0.5538494752062795
        ],
        "deltasStdDev": [
            0.0015857730464203658
        ],
        "price": 3.9019646583401224,
        "priceStdDev": 0.017504413753703,
        "value": 4.093352819336701
    },
    {
        "date": 86,
        "deltas": [
            0.5592741375775799
        ],
        "deltasStdDev": [
            0.0015800773825649175
        ],
        "price": 3.905625061739993,
        "priceStdDev": 0.017295691476234363,
        "value": 4.171328958097476
    },
    {
        "date": 87,
        "deltas": [
            0.5624362832449291
        ],
        "deltasStdDev": [
            0.0015783822523850065
        ],
        "price": 3.892725884748067,
        "priceStdDev": 0.0171568202862284,
        "value": 4.155368060150749
    },
    {
        "date": 88,
        "deltas": [
            0.5633294602281876
        ],
        "deltasStdDev": [
            0.0015750068407012505
        ],
        "price": 3.8697736886662186,
        "priceStdDev": 0.017035523478771634,
        "value": 4.20053469467652
    },
    {
        "date": 89,
        "deltas": [
            0.5833557077469319
        ],
        "deltasStdDev": [
            0.001564909123911019
        ],
        "price": 4.063145443677336,
        "priceStdDev": 0.01720839509050108,
        "value": 4.439439058733811
    },
    {
        "date": 90,
        "deltas": [
            0.6397478503974888
        ],
        "deltasStdDev": [
            0.001523795980250394
        ],
        "price": 4.772696813596624,
        "priceStdDev": 0.01847564655852697,
        "value": 5.15838598209649
    },
    {
        "date": 91,
        "deltas": [
            0.6156232438413324
        ],
        "deltasStdDev": [
            0.0015404709451984284
        ],
        "price": 4.359938652977966,
        "priceStdDev": 0.01757314501946576,
        "value": 4.790722497495224
    },
    {
        "date": 92,
        "deltas": [
            0.6622039835585322
        ],
        "deltasStdDev": [
            0.0014960238214409228
        ],
        "price": 4.931611673754212,
        "priceStdDev": 0.018326347649746173,
        "value": 5.350156435819514
    },
    {
        "date": 93,
        "deltas": [
            0.6150786868134711
        ],
        "deltasStdDev": [
            0.0015365193954561137
        ],
        "price": 4.258721794542982,
        "priceStdDev": 0.01709756898551598,
        "value": 4.717775746529398
    },
    {
        "date": 94,
        "deltas": [
            0.6135684121760806
        ],
        "deltasStdDev": [
            0.0015349238145344025
        ],
        "price": 4.150740469941224,
        "priceStdDev": 0.01673424327758999,
        "value": 4.66243496034771
    },
    {
        "date": 95,
        "deltas": [
            0.6196490924493534
        ],
        "deltasStdDev": [
            0.0015276146003195545
        ],
        "price": 4.168783922299988,
        "priceStdDev": 0.016615947600781993,
        "value": 4.735428632322538
    },
    {
        "date": 96,
        "deltas": [
            0.5652237966360804
        ],
        "deltasStdDev": [
            0.0015569535126271536
        ],
        "price": 3.479207870184058,
        "priceStdDev": 0.01512886726686195,
        "value": 4.027887386203048
    },
    {
        "date": 97,
        "deltas": [
            0.6732854353598083
        ],
        "deltasStdDev": [
            0.0014714339737745242
        ],
        "price": 4.707166620795915,
        "priceStdDev": 0.017155819528944793,
        "value": 5.221191648321877
    },
    {
        "date": 98,
        "deltas": [
            0.6460171582286764
        ],
        "deltasStdDev": [
            0.0014980949219601833
        ],
        "price": 4.301768846407443,
        "priceStdDev": 0.016393071827081718,
        "value": 4.825727482381907
    },
    {
        "date": 99,
        "deltas": [
            0.6313815701442886
        ],
        "deltasStdDev": [
            0.001506801289985143
        ],
        "price": 4.0154766680162535,
        "priceStdDev": 0.015621009463232347,
        "value": 4.604792957895356
    },
    {
        "date": 100,
        "deltas": [
            0.6267614055608491
        ],
        "deltasStdDev": [
            0.0015065261653165758
        ],
        "price": 3.8968495763590214,
        "priceStdDev": 0.01533167533137219,
        "value": 4.545399629743926
    },
    {
        "date": 101,
        "deltas": [
            0.5284793667240429
        ],
        "deltasStdDev": [
            0.0015513098892104657
        ],
        "price": 2.831998748993505,
        "priceStdDev": 0.013059557989097055,
        "value": 3.4727597396886978
    },
    {
        "date": 102,
        "deltas": [
            0.5344081889591171
        ],
        "deltasStdDev": [
            0.0015482187916802692
        ],
        "price": 2.8418743274867633,
        "priceStdDev": 0.012976453330873907,
        "value": 3.5033589607701145
    },
    {
        "date": 103,
        "deltas": [
            0.735830212898203
        ],
        "deltasStdDev": [
            0.0013677426287672355
        ],
        "price": 5.054222436778102,
        "priceStdDev": 0.01640917998900002,
        "value": 5.406570494785129
    },
    {
        "date": 104,
        "deltas": [
            0.7337020326908156
        ],
        "deltasStdDev": [
            0.0013672527855975855
        ],
        "price": 4.928289706800125,
        "priceStdDev": 0.01601475866696975,
        "value": 5.339803401605721
    },
    {
        "date": 105,
        "deltas": [
            0.6629996271989583
        ],
        "deltasStdDev": [
            0.001458603774715385
        ],
        "price": 3.923268833779346,
        "priceStdDev": 0.014404582876812495,
        "value": 4.313774970188007
    },
    {
        "date": 106,
        "deltas": [
            0.6069180032456952
        ],
        "deltasStdDev": [
            0.0015029840961223349
        ],
        "price": 3.2401763772473275,
        "priceStdDev": 0.013054532476947085,
        "value": 3.6478191984718507
    },
    {
        "date": 107,
        "deltas": [
            0.6728041724307149
        ],
        "deltasStdDev": [
            0.0014401542381892248
        ],
        "price": 3.838258673643699,
        "priceStdDev": 0.01379003362200827,
        "value": 4.285367030258257
    },
    {
        "date": 108,
        "deltas": [
            0.7345194042728808
        ],
        "deltasStdDev": [
            0.0013517007940819813
        ],
        "price": 4.488562435284684,
        "priceStdDev": 0.014530569027244528,
        "value": 4.9363607695409115
    },
    {
        "date": 109,
        "deltas": [
            0.5769456896067872
        ],
        "deltasStdDev": [
            0.001506083821823676
        ],
        "price": 2.733810685941081,
        "priceStdDev": 0.011540165212417137,
        "value": 3.0817074759936816
    },
    {
        "date": 110,
        "deltas": [
            0.54304305581627
        ],
        "deltasStdDev": [
            0.001513751584352265
        ],
        "price": 2.3984383203195287,
        "priceStdDev": 0.010701914644498059,
        "value": 2.778815950781606
    },
    {
        "date": 111,
        "deltas": [
            0.5950551766807861
        ],
        "deltasStdDev": [
            0.0014860496932601686
        ],
        "price": 2.711426324613354,
        "priceStdDev": 0.01107254849282265,
        "value": 3.152602284413689
    },
    {
        "date": 112,
        "deltas": [
            0.5514215723950384
        ],
        "deltasStdDev": [
            0.0014990953876320293
        ],
        "price": 2.2998369969884616,
        "priceStdDev": 0.01010407640804483,
        "value": 2.813385055342323
    },
    {
        "date": 113,
        "deltas": [
            0.8183775591698973
        ],
        "deltasStdDev": [
            0.0011557328160828214
        ],
        "price": 4.923918906373203,
        "priceStdDev": 0.013416474128842015,
        "value": 4.947392613802279
    },
    {
        "date": 114,
        "deltas": [
            0.9160490913291774
        ],
        "deltasStdDev": [
            0.0008254606394394458
        ],
        "price": 6.746685466123982,
        "priceStdDev": 0.014319162221631944,
        "value": 6.652563251743658
    },
    {
        "date": 115,
        "deltas": [
            0.8852611738534037
        ],
        "deltasStdDev": [
            0.0009431429852522303
        ],
        "price": 5.68798281713092,
        "priceStdDev": 0.013198579542340745,
        "value": 5.62458978525197
    },
    {
        "date": 116,
        "deltas": [
            0.9075514289647058
        ],
        "deltasStdDev": [
            0.0008502599996482158
        ],
        "price": 5.966270614616613,
        "priceStdDev": 0.012925355955092562,
        "value": 5.947267028454263
    },
    {
        "date": 117,
        "deltas": [
            0.8604595657862796
        ],
        "deltasStdDev": [
            0.0010121442281240478
        ],
        "price": 4.757195753593222,
        "priceStdDev": 0.011685367489623314,
        "value": 4.7591867627903355
    },
    {
        "date": 118,
        "deltas": [
            0.9350849252758484
        ],
        "deltasStdDev": [
            0.0007065622600019107
        ],
        "price": 6.039856283179388,
        "priceStdDev": 0.011874789487309332,
        "value": 6.016244789462817
    },
    {
        "date": 119,
        "deltas": [
            0.9004685840085068
        ],
        "deltasStdDev": [
            0.0008530565438516479
        ],
        "price": 4.872699465883859,
        "priceStdDev": 0.01067638653023165,
        "value": 4.851809223167464
    },
    {
        "date": 120,
        "deltas": [
            0.9661660450922988
        ],
        "deltasStdDev": [
            0.0005006840431611061
        ],
        "price": 6.286383668355546,
        "priceStdDev": 0.010530575089073574,
        "value": 6.2423736632231055
    },
    {
        "date": 121,
        "deltas": [
            0.984426513148948
        ],
        "deltasStdDev": [
            0.0003344316330269705
        ],
        "price": 6.856035995198074,
        "priceStdDev": 0.00982727238140208,
        "value": 6.84082085374709
    },
    {
        "date": 122,
        "deltas": [
            0.9770512600970279
        ],
        "deltasStdDev": [
            0.00039025806471104044
        ],
        "price": 5.726358974464009,
        "priceStdDev": 0.008691961804793466,
        "value": 5.72934787113104
    },
    {
        "date": 123,
        "deltas": [
            0.9996333307667482
        ],
        "deltasStdDev": [
            6.646539906446625e-05
        ],
        "price": 8.43720976586032,
        "priceStdDev": 0.007802268548979132,
        "value": 8.385377267356688
    },
    {
        "date": 124,
        "deltas": [
            1.0000357354385097
        ],
        "deltasStdDev": [
            4.144092971944492e-05
        ],
        "price": 10.373119382866566,
        "priceStdDev": 0.006430769890374742,
        "value": 10.315416991027263
    },
    {
        "date": 125,
        "deltas": [
            1.0000258185642767
        ],
        "deltasStdDev": [
            2.8703459986096843e-05
        ],
        "price": 8.795272431512304,
        "priceStdDev": 0.004496713411265064,
        "value": 8.739080930945534
    },
    {
        "date": 126,
        "deltas": [
            1.000003326333773
        ],
        "deltasStdDev": [
            8.156375567684987e-06
        ],
        "price": 8.319676810107238,
        "priceStdDev": 0.00012097204549266888,
        "value": 8.266877646297388
    }
]