[
    {
        "date": 0,
        "deltas": [
            -0.6097405481602212,
            0.6895058080141399,
            0.0
        ],
        "deltasStdDev": [
            0.0018342484115701611,
            0.002247650535192915,
            0.0
        ],
        "price": 1.4765002161939427,
        "priceStdDev": 0.008039699259695901,
        "value": 1.4765002161939427
    },
    {
        "date": 1,
        "deltas": [
            -0.5827921967242243,
            0.6189767834734176,
            0.0
        ],
        "deltasStdDev": [
            0.0018382893671910379,
            0.0021414361868132338,
            0.0
        ],
        "price": 1.3449161197322117,
        "priceStdDev": 0.007588959372723861,
        "value": 1.3285667253189681
    },
    {
        "date": 2,
        "deltas": [
            -0.5652574568639457,
            0.6041742435539419,
            0.0
        ],
        "deltasStdDev": [
            0.0018467675792390587,
            0.0021634059950926517,
            0.0
        ],
        "price": 1.242760921613689,
        "priceStdDev": 0.007211537480140597,
        "value": 1.2258785338640563
    },
    {
        "date": 3,
        "deltas": [
            -0.5320582241095341,
            0.5754468473582166,
            0.0
        ],
        "deltasStdDev": [
            0.001856626109285307,
            0.002193222590816401,
            0.0
        ],
        "price": 1.1301169262917152,
        "priceStdDev": 0.006926473500226866,
        "value": 1.109817509103196
    },
    {
        "date": 4,
        "deltas": [
            -0.518127467478635,
            0.561546094371945,
            0.0
        ],
        "deltasStdDev": [
            0.0018529547012025066,
            0.0021898736318214243,
            0.0
        ],
        "price": 1.0618751970438722,
        "priceStdDev": 0.006624623815542373,
        "value": 1.0550282848609762
    },
    {
        "date": 5,
        "deltas": [
            -0.48934415946372134,
            0.5357473200053716,
            0.0
        ],
        "deltasStdDev": [
            0.0018459805084154604,
            0.0022014133893218163,
            0.0
        ],
        "price": 0.9763581345537623,
        "priceStdDev": 0.006387843567803802,
        "value": 0.9678119317715406
    },
    {
        "date": 6,
        "deltas": [
            -0.4104954897327498,
            0.46102562375594314,
            0.0
        ],
        "deltasStdDev": [
            0.0018037140449559338,
            0.0021960761025778762,
            0.0
        ],
        "price": 0.7169589968602554,
        "priceStdDev": 0.005360476217072746,
        "value": 0.7088546559065578
    },
    {
        "date": 7,
        "deltas": [
            -0.4695026197757089,
            0.5175938762131289,
            0.0
        ],
        "deltasStdDev": [
            0.0018356133784810501,
            0.0022006374787869537,
            0.0
        ],
        "price": 0.8847749722543058,
        "priceStdDev": 0.005993453044821852,
        "value": 0.852500665198157
    },
    {
        "date": 8,
        "deltas": [
            -0.47245248967036946,
            0.5177211371336043,
            0.0
        ],
        "deltasStdDev": [
            0.0018352681172746522,
            0.0021846850288496423,
            0.0
        ],
        "price": 0.8965646835011571,
        "priceStdDev": 0.0060092677355349355,
        "value": 0.887181814125207
    },
    {
        "date": 9,
        "deltas": [
            -0.46016154627401484,
            0.507161693145691,
            0.0
        ],
        "deltasStdDev": [
            0.0018335797251222503,
            0.0021929313463052887,
            0.0
        ],
        "price": 0.8566229347071689,
        "priceStdDev": 0.005839794168055241,
        "value": 0.8405465947922195
    },
    {
        "date": 10,
        "deltas": [
            -0.4770172021063707,
            0.522436992913128,
            0.0
        ],
        "deltasStdDev": [
            0.0018377434014777356,
            0.0021881844616779542,
            0.0
        ],
        "price": 0.9086338100241185,
        "priceStdDev": 0.006058698156048301,
        "value": 0.8931687319374484
    },
    {
        "date": 11,
        "deltas": [
            -0.5198367611802458,
            0.5584535872525851,
            0.0
        ],
        "deltasStdDev": [
            0.0018360017970873456,
            0.002150765917782466,
            0.0
        ],
        "price": 1.0294380178304854,
        "priceStdDev": 0.006391620025283388,
        "value": 1.0300819260739844
    },
    {
        "date": 12,
        "deltas": [
            -0.5346105332103027,
            0.5725584617458614,
            0.0
        ],
        "deltasStdDev": [
            0.0018359138071602616,
            0.0021468103846050426,
            0.0
        ],
        "price": 1.0807978602349517,
        "priceStdDev": 0.006525559859489012,
        "value": 1.0695674991327335
    },
    {
        "date": 13,
        "deltas": [
            -0.5195050349362168,
            0.5593234052784972,
            0.0
        ],
        "deltasStdDev": [
            0.0018385196946811987,
            0.0021596472734092573,
            0.0
        ],
        "price": 1.0256136720868687,
        "priceStdDev": 0.006378486948298466,
        "value": 1.013033483026174
    },
    {
        "date": 14,
        "deltas": [
            -0.5463892787783132,
            0.5808077095408718,
            0.0
        ],
        "deltasStdDev": [
            0.001823453669183974,
            0.0021210581787131414,
            0.0
        ],
        "price": 1.111255618062646,
        "priceStdDev": 0.006583729517740255,
        "value": 1.1162093321551296
    },
    {
        "date": 15,
        "deltas": [
            -0.593602547924075,
            0.621855516448046,
            0.0
        ],
        "deltasStdDev": [
            0.0018034080387118489,
            0.0020757957331637962,
            0.0
        ],
        "price": 1.2569498355814723,
        "priceStdDev": 0.0069011703422239635,
        "value": 1.252371054139719
    },
    {
        "date": 16,
        "deltas": [
            -0.6072940153109436,
            0.6328645097402966,
            0.0
        ],
        "deltasStdDev": [
            0.0017944558040329265,
            0.0020554441984661047,
            0.0
        ],
        "price": 1.2739724950977698,
        "priceStdDev": 0.006821840247065293,
        "value": 1.2746770048167644
    },
    {
        "date": 17,
        "deltas": [
            -0.5901658850933995,
            0.6176570305608055,
            0.0
        ],
        "deltasStdDev": [
            0.0018004213730068855,
            0.0020695446301603236,
            0.0
        ],
        "price": 1.2086382640955535,
        "priceStdDev": 0.006666555908717476,
        "value": 1.2146923542675054
    },
    {
        "date": 18,
        "deltas": [
            -0.5959557153109536,
            0.6232235131221673,
            0.0
        ],
        "deltasStdDev": [
            0.0017921560706436995,
            0.0020610921242668508,
            0.0
        ],
        "price": 1.2216607734627039,
        "priceStdDev": 0.006690497741990913,
        "value": 1.2212626869655465
    },
    {
        "date": 19,
        "deltas": [
            -0.6085452839976477,
            0.6331697729602012,
            0.0
        ],
        "deltasStdDev": [
            0.0017879598897574379,
            0.002045627407731181,
            0.0
        ],
        "price": 1.2463857501682316,
        "priceStdDev": 0.006685210370078985,
        "value": 1.253815345498968
    },
    {
        "date": 20,
        "deltas": [
            -0.6477024320832001,
            0.6670864892756654,
            0.0
        ],
        "deltasStdDev": [
            0.001752356852813591,
            0.001992208022714433,
            0.0
        ],
        "price": 1.3928695233711326,
        "priceStdDev": 0.007000520729265852,
        "value": 1.3859629955789943
    },
    {
        "date": 21,
        "deltas": [
            -0.6298518257957171,
            0.6506662401104125,
            0.0
        ],
        "deltasStdDev": [
            0.0017595253792503283,
            0.0020032012546652477,
            0.0
        ],
        "price": 1.3181236839011268,
        "priceStdDev": 0.006769178614042233,
        "value": 1.3234569831085183
    },
    {
        "date": 22,
        "deltas": [
            -0.6457518582124248,
            0.6126868330255459,
            0.0
        ],
        "deltasStdDev": [
            0.0017444230067708674,
            0.001859129167423639,
            0.0
        ],
        "price": 1.426429733199172,
        "priceStdDev": 0.0071297663705042315,
        "value": 1.453417816131273
    },
    {
        "date": 23,
        "deltas": [
            -0.6872659796360124,
            0.6430662248264986,
            0.0
        ],
        "deltasStdDev": [
            0.0016972616085090945,
            0.001794127782781838,
            0.0
        ],
        "price": 1.5750587484171505,
        "priceStdDev": 0.007402333956448173,
        "value": 1.6067815203359475
    },
    {
        "date": 24,
        "deltas": [
            -0.7040649159946953,
            0.6548328044751275,
            0.0
        ],
        "deltasStdDev": [
            0.0016712033523356244,
            0.0017661859964285642,
            0.0
        ],
        "price": 1.6563243327189139,
        "priceStdDev": 0.007593074252963216,
        "value": 1.6910305392549003
    },
    {
        "date": 25,
        "deltas": [
            -0.6554185582494706,
            0.6189654247811502,
            0.0
        ],
        "deltasStdDev": [
            0.001722536837955056,
            0.0018317429167102937,
            0.0
        ],
        "price": 1.4319173793437512,
        "priceStdDev": 0.007070325992662036,
        "value": 1.4566893082075616
    },
    {
        "date": 26,
        "deltas": [
            -0.6506221383865314,
            0.6146417109235915,
            0.0
        ],
        "deltasStdDev": [
            0.0017314087608233815,
            0.0018409505262212947,
            0.0
        ],
        "price": 1.390314066141388,
        "priceStdDev": 0.006907063674935604,
        "value": 1.422629166069486
    },
    {
        "date": 27,
        "deltas": [
            -0.6343204981588444,
            0.6024262134098282,
            0.0
        ],
        "deltasStdDev": [
            0.0017432365750956174,
            0.0018592336410012446,
            0.0
        ],
        "price": 1.3068920898030618,
        "priceStdDev": 0.006677986545949096,
        "value": 1.3380907712940986
    },
    {
        "date": 28,
        "deltas": [
            -0.6316895493954682,
            0.5998581755808005,
            0.0
        ],
        "deltasStdDev": [
            0.0017383526760921166,
            0.0018527031942774839,
            0.0
        ],
        "price": 1.261260879569054,
        "priceStdDev": 0.006451482067038646,
        "value": 1.297841497134114
    },
    {
        "date": 29,
        "deltas": [
            -0.675458219734637,
            0.6327142905244156,
            0.0
        ],
        "deltasStdDev": [
            0.0016908811638606193,
            0.001792140035601272,
            0.0
        ],
        "price": 1.4392040068443823,
        "priceStdDev": 0.006879831159833427,
        "value": 1.4727552218902056
    },
    {
        "date": 30,
        "deltas": [
            -0.6774577939097219,
            0.6339420471434131,
            0.0
        ],
        "deltasStdDev": [
            0.0016868110394203078,
            0.0017856680198544308,
            0.0
        ],
        "price": 1.436766330581348,
        "priceStdDev": 0.006826833841852233,
        "value": 1.472565365578984
    },
    {
        "date": 31,
        "deltas": [
            -0.6817602431164622,
            0.6363290854908311,
            0.0
        ],
        "deltasStdDev": [
            0.0016817349572439786,
            0.0017729298812858868,
            0.0
        ],
        "price": 1.4056062109387495,
        "priceStdDev": 0.006600668859856977,
        "value": 1.4522172802247035
    },
    {
        "date": 32,
        "deltas": [
            -0.6839630329826312,
            0.6392539070284387,
            0.0
        ],
        "deltasStdDev": [
            0.001669763772074712,
            0.0017672072537659232,
            0.0
        ],
        "price": 1.3989656278534723,
        "priceStdDev": 0.006546038756553094,
        "value": 1.432831151479236
    },
    {
        "date": 33,
        "deltas": [
            -0.6721055725379756,
            0.6304390922344937,
            0.0
        ],
        "deltasStdDev": [
            0.0016796112095260661,
            0.0017790749348596498,
            0.0
        ],
        "price": 1.3285979092791036,
        "priceStdDev": 0.00632748596346765,
        "value": 1.360384409471888
    },
    {
        "date": 34,
        "deltas": [
            -0.6793932285857381,
            0.6345395577975239,
            0.0
        ],
        "deltasStdDev": [
            0.001670540015018351,
            0.0017626007803434995,
            0.0
        ],
        "price": 1.3513240199071084,
        "priceStdDev": 0.0063558399029784085,
        "value": 1.3969776567582208
    },
    {
        "date": 35,
        "deltas": [
            -0.7070414344792024,
            0.6542184704094649,
            0.0
        ],
        "deltasStdDev": [
            0.0016285371975484897,
            0.0017140940948058919,
            0.0
        ],
        "price": 1.4611883635700649,
        "priceStdDev": 0.006556150984780738,
        "value": 1.5097222447623582
    },
    {
        "date": 36,
        "deltas": [
            -0.7131712599370048,
            0.6571607089840956,
            0.0
        ],
        "deltasStdDev": [
            0.0016209444023291913,
            0.0016973219132309224,
            0.0
        ],
        "price": 1.49470927467439,
        "priceStdDev": 0.00663696347843874,
        "value": 1.5586793719821508
    },
    {
        "date": 37,
        "deltas": [
            -0.658226389005798,
            0.6163381577666055,
            0.0
        ],
        "deltasStdDev": [
            0.0016945680377571763,
            0.0017858628648002705,
            0.0
        ],
        "price": 1.291443372726803,
        "priceStdDev": 0.006255714722855867,
        "value": 1.34425419861759
    },
    {
        "date": 38,
        "deltas": [
            -0.6705254587346933,
            0.6257204949878641,
            0.0
        ],
        "deltasStdDev": [
            0.0016798713638157294,
            0.0017651376240798208,
            0.0
        ],
        "price": 1.32982766187167,
        "priceStdDev": 0.0062936260412218325,
        "value": 1.38321306850154
    },
    {
        "date": 39,
        "deltas": [
            -0.6621055604679414,
            0.6183770141606324,
            0.0
        ],
        "deltasStdDev": [
            0.0016868536696403838,
            0.0017751084349608326,
            0.0
        ],
        "price": 1.2830168115987945,
        "priceStdDev": 0.006193287423638338,
        "value": 1.3450571898932444
    },
    {
        "date": 40,
        "deltas": [
            -0.6405475727753734,
            0.601786378925792,
            0.0
        ],
        "deltasStdDev": [
            0.0017033979400516545,
            0.0017975751603164307,
            0.0
        ],
        "price": 1.1796300414702683,
        "priceStdDev": 0.005869816190911031,
        "value": 1.2414458851738501
    },
    {
        "date": 41,
        "deltas": [
            -0.6176444366934111,
            0.5845185719139149,
            0.0
        ],
        "deltasStdDev": [
            0.0017227050644195304,
            0.001828666911822511,
            0.0
        ],
        "price": 1.1272597940697573,
        "priceStdDev": 0.005851060305222376,
        "value": 1.180733525267027
    },
    {
        "date": 42,
        "deltas": [
            -0.5974415551806014,
            0.5675460446077872,
            0.0
        ],
        "deltasStdDev": [
            0.0017395445100197898,
            0.0018442559619238025,
            0.0
        ],
        "price": 1.024592399431301,
        "priceStdDev": 0.005438375653492683,
        "value": 1.0898777217839444
    },
    {
        "date": 43,
        "deltas": [
            -0.6037881826048993,
            0.5243988762452925,
            0.0
        ],
        "deltasStdDev": [
            0.0017283717115353272,
            0.0017127867025250921,
            0.0
        ],
        "price": 1.0626115219988752,
        "priceStdDev": 0.005601082231662888,
        "value": 1.130976155897709
    },
    {
        "date": 44,
        "deltas": [
            -0.5525619949135527,
            0.4872508185581995,
            0.0
        ],
        "deltasStdDev": [
            0.0017542091259238766,
            0.00175718004542726,
            0.0
        ],
        "price": 0.9021846165490782,
        "priceStdDev": 0.00517752939950315,
        "value": 0.9644641238084137
    },
    {
        "date": 45,
        "deltas": [
            -0.5168165234165701,
            0.4591735853996273,
            0.0
        ],
        "deltasStdDev": [
            0.0017653762071815154,
            0.0017716184219481973,
            0.0
        ],
        "price": 0.8150403823799385,
        "priceStdDev": 0.004974316754740124,
        "value": 0.8900539783568315
    },
    {
        "date": 46,
        "deltas": [
            -0.5358153083491726,
            0.47429601304712027,
            0.0
        ],
        "deltasStdDev": [
            0.0017499572695425698,
            0.0017562724876140623,
            0.0
        ],
        "price": 0.8514409624282812,
        "priceStdDev": 0.00504410215772936,
        "value": 0.9166590039667801
    },
    {
        "date": 47,
        "deltas": [
            -0.5217651839280762,
            0.46283512769778784,
            0.0
        ],
        "deltasStdDev": [
            0.0017550456094324795,
            0.0017617826220458184,
            0.0
        ],
        "price": 0.8208642046973325,
        "priceStdDev": 0.004948508888166202,
        "value": 0.8895077238008369
    },
    {
        "date": 48,
        "deltas": [
            -0.4855617633719521,
            0.43537895116249614,
            0.0
        ],
        "deltasStdDev": [
            0.0017558948353274568,
            0.0017746800655445744,
            0.0
        ],
        "price": 0.7209930373762109,
        "priceStdDev": 0.004613443996522232,
        "value": 0.7913518034578049
    },
    {
        "date": 49,
        "deltas": [
            -0.48622467858268836,
            0.4351866441219414,
            0.0
        ],
        "deltasStdDev": [
            0.0017537954075322363,
            0.0017726722775840327,
            0.0
        ],
        "price": 0.7292971774834542,
        "priceStdDev": 0.004669974530026999,
        "value": 0.8024351128953406
    },
    {
        "date": 50,
        "deltas": [
            -0.5232589283005347,
            0.46200288336272083,
            0.0
        ],
        "deltasStdDev": [
            0.001750551333655914,
            0.0017456855982001679,
            0.0
        ],
        "price": 0.8273631508991007,
        "priceStdDev": 0.0049701631934677215,
        "value": 0.9084134434425508
    },
    {
        "date": 51,
        "deltas": [
            -0.5796702217228209,
            0.5044325937115426,
            0.0
        ],
        "deltasStdDev": [
            0.0017342827844005458,
            0.001711176170680634,
            0.0
        ],
        "price": 0.9913057636178788,
        "priceStdDev": 0.005426240923180119,
        "value": 1.0575111829206623
    },
    {
        "date": 52,
        "deltas": [
            -0.5628078426400646,
            0.49198126901389894,
            0.0
        ],
        "deltasStdDev": [
            0.0017378934995919465,
            0.0017215919681848144,
            0.0
        ],
        "price": 0.9551819449949915,
        "priceStdDev": 0.005366394418947308,
        "value": 1.0193510165641422
    },
    {
        "date": 53,
        "deltas": [
            -0.5995481385118739,
            0.5186223068377414,
            0.0
        ],
        "deltasStdDev": [
            0.001717837838194265,
            0.0016872249300503234,
            0.0
        ],
        "price": 1.0567677345093547,
        "priceStdDev": 0.005619287289023704,
        "value": 1.125072945577922
    },
    {
        "date": 54,
        "deltas": [
            -0.5570454262607744,
            0.48673493845408705,
            0.0
        ],
        "deltasStdDev": [
            0.001743953985616735,
            0.0017206054178661794,
            0.0
        ],
        "price": 0.9474249103103579,
        "priceStdDev": 0.00537902599738311,
        "value": 1.0162500849629104
    },
    {
        "date": 55,
        "deltas": [
            -0.5653350368072547,
            0.49316538959276485,
            0.0
        ],
        "deltasStdDev": [
            0.0017328279285898091,
            0.0017084783398961373,
            0.0
        ],
        "price": 0.9588286133701318,
        "priceStdDev": 0.005367288299167085,
        "value": 1.0235373006356083
    },
    {
        "date": 56,
        "deltas": [
            -0.5281564577775586,
            0.46411101091344914,
            0.0
        ],
        "deltasStdDev": [
            0.001735442852290434,
            0.0017254201046386234,
            0.0
        ],
        "price": 0.8204215471113572,
        "priceStdDev": 0.004870833126708824,
        "value": 0.8915963748706961
    },
    {
        "date": 57,
        "deltas": [
            -0.5467508637249675,
            0.4775032030988892,
            0.0
        ],
        "deltasStdDev": [
            0.0017299138133385589,
            0.0017099450749225903,
            0.0
        ],
        "price": 0.8816377407988334,
        "priceStdDev": 0.005080724713174121,
        "value": 0.958831208226121
    },
    {
        "date": 58,
        "deltas": [
            -0.6217693307718326,
            0.5331800257409606,
            0.0
        ],
        "deltasStdDev": [
            0.0016815755510160442,
            0.00164401757160319,
            0.0
        ],
        "price": 1.1051831421232927,
        "priceStdDev": 0.0056260742132854345,
        "value": 1.15913731800028
    },
    {
        "date": 59,
        "deltas": [
            -0.5986645988693127,
            0.5152534943088974,
            0.0
        ],
        "deltasStdDev": [
            0.0016984291869536895,
            0.001659515126165475,
            0.0
        ],
        "price": 1.0207915236984475,
        "priceStdDev": 0.005396905680014852,
        "value": 1.087251641746328
    },
    {
        "date": 60,
        "deltas": [
            -0.6838692594841012,
            0.575947792116793,
            0.0
        ],
        "deltasStdDev": [
            0.0016095586288056144,
            0.0015542727350206559,
            0.0
        ],
        "price": 1.3155426315260912,
        "priceStdDev": 0.006009454894487502,
        "value": 1.3573521685675853
    },
    {
        "date": 61,
        "deltas": [
            -0.6514770587524149,
            0.5543769527670005,
            0.0
        ],
        "deltasStdDev": [
            0.0016455405429649855,
            0.0015990377650219722,
            0.0
        ],
        "price": 1.1848720234062906,
        "priceStdDev": 0.005717731518577645,
        "value": 1.214893165501674
    },
    {
        "date": 62,
        "deltas": [
            -0.6865140869604597,
            0.5774409899248496,
            0.0
        ],
        "deltasStdDev": [
            0.001605843700393386,
            0.0015457015017177136,
            0.0
        ],
        "price": 1.3282326423010167,
        "priceStdDev": 0.006029483870439913,
        "value": 1.3703071926232433
    },
    {
        "date": 63,
        "deltas": [
            -0.7006620701716514,
            0.586419408251787,
            0.0
        ],
        "deltasStdDev": [
            0.00158883449692451,
            0.001525362467531871,
            0.0
        ],
        "price": 1.382214332472317,
        "priceStdDev": 0.006145446296728601,
        "value": 1.4330440656310521
    },
    {
        "date": 64,
        "deltas": [
            -0.6737733163753663,
            0.5144510920042994,
            0.0
        ],
        "deltasStdDev": [
            0.0016161770360902607,
            0.0014449119666397527,
            0.0
        ],
        "price": 1.2792844096111693,
        "priceStdDev": 0.005927532007734565,
        "value": 1.3188342700846118
    },
    {
        "date": 65,
        "deltas": [
            -0.7234259332060207,
            0.5448846062944818,
            0.0
        ],
        "deltasStdDev": [
            0.0015402412620141531,
            0.0013666408305641597,
            0.0
        ],
        "price": 1.4455383512692168,
        "priceStdDev": 0.00613465477046823,
        "value": 1.4842242638830658
    },
    {
        "date": 66,
        "deltas": [
            -0.7306140535577333,
            0.550265055963797,
            0.0
        ],
        "deltasStdDev": [
            0.0015265252884241209,
            0.0013554602693650632,
            0.0
        ],
        "price": 1.5006788517867031,
        "priceStdDev": 0.006312575735374031,
        "value": 1.5295989322225538
    },
    {
        "date": 67,
        "deltas": [
            -0.7295443750685106,
            0.5476087737025681,
            0.0
        ],
        "deltasStdDev": [
            0.001523005873338664,
            0.0013469948873120147,
            0.0
        ],
        "price": 1.464973306631609,
        "priceStdDev": 0.006142781324977747,
        "value": 1.5142770853757859
    },
    {
        "date": 68,
        "deltas": [
            -0.7017478312671246,
            0.530177724253141,
            0.0
        ],
        "deltasStdDev": [
            0.0015721907895371564,
            0.0013920696757026858,
            0.0
        ],
        "price": 1.3696050739000132,
        "priceStdDev": 0.006027071814158801,
        "value": 1.419512656090118
    },
    {
        "date": 69,
        "deltas": [
            -0.6885128198187076,
            0.5223065259862927,
            0.0
        ],
        "deltasStdDev": [
            0.0015829949353021874,
            0.0014070219947935256,
            0.0
        ],
        "price": 1.2951454391645785,
        "priceStdDev": 0.005832949087770477,
        "value": 1.3427964482646644
    },
    {
        "date": 70,
        "deltas": [
            -0.7077107396451138,
            0.5344699462926398,
            0.0
        ],
        "deltasStdDev": [
            0.0015582940037965828,
            0.00137906331715139,
            0.0
        ],
        "price": 1.3677909753983422,
        "priceStdDev": 0.005973286600458322,
        "value": 1.4158132634742255
    },
    {
        "date": 71,
        "deltas": [
            -0.6770195246221992,
            0.5147405941855763,
            0.0
        ],
        "deltasStdDev": [
            0.001602058556977703,
            0.001422799400713067,
            0.0
        ],
        "price": 1.2477933339158895,
        "priceStdDev": 0.005728820581006058,
        "value": 1.2979086376392632
    },
    {
        "date": 72,
        "deltas": [
            -0.657712763139752,
            0.5021805837088609,
            0.0
        ],
        "deltasStdDev": [
            0.0016224081189620634,
            0.001442162545213401,
            0.0
        ],
        "price": 1.199301160200814,
        "priceStdDev": 0.005696889463929297,
        "value": 1.2504174453531443
    },
    {
        "date": 73,
        "deltas": [
            -0.7074143187228237,
            0.5324116936694487,
            0.0
        ],
        "deltasStdDev": [
            0.0015552765338825189,
            0.0013720548212899162,
            0.0
        ],
        "price": 1.335274898940799,
        "priceStdDev": 0.005805249696502143,
        "value": 1.3933700357595313
    },
    {
        "date": 74,
        "deltas": [
            -0.6959449104890156,
            0.5262884414137483,
            0.0
        ],
        "deltasStdDev": [
            0.0015696695623679765,
            0.0013869957692320633,
            0.0
        ],
        "price": 1.2911445860057966,
        "priceStdDev": 0.005732498571064532,
        "value": 1.3414639374037152
    },
    {
        "date": 75,
        "deltas": [
            -0.6826606543821887,
            0.5169833491908741,
            0.0
        ],
        "deltasStdDev": [
            0.0015828615233011319,
            0.0013992475919777155,
            0.0
        ],
        "price": 1.2279444110479358,
        "priceStdDev": 0.005548490713964115,
        "value": 1.283586206823696
    },
    {
        "date": 76,
        "deltas": [
            -0.6822778708775172,
            0.5154445459923036,
            0.0
        ],
        "deltasStdDev": [
            0.001574151106903524,
            0.0013900247937246187,
            0.0
        ],
        "price": 1.2235505733358996,
        "priceStdDev": 0.0055188454603403705,
        "value": 1.2881859797321975
    },
    {
        "date": 77,
        "deltas": [
            -0.6775148076262039,
            0.513122763895473,
            0.0
        ],
        "deltasStdDev": [
            0.0015876382531979296,
            0.0014017383166722874,
            0.0
        ],
        "price": 1.2171755302634286,
        "priceStdDev": 0.0055400940522084335,
        "value": 1.2758846162152224
    },
    {
        "date": 78,
        "deltas": [
            -0.6368656258589956,
            0.4863530117176157,
            0.0
        ],
        "deltasStdDev": [
            0.0016230851746349161,
            0.0014397388258800973,
            0.0
        ],
        "price": 1.0460684695657094,
        "priceStdDev": 0.005094202402018665,
        "value": 1.1107969637307509
    },
    {
        "date": 79,
        "deltas": [
            -0.6421154951806763,
            0.4901471217474031,
            0.0
        ],
        "deltasStdDev": [
            0.0016098302814692629,
            0.0014340155646014878,
            0.0
        ],
        "price": 1.0434197885725476,
        "priceStdDev": 0.005030016024729464,
        "value": 1.1010864444183532
    },
    {
        "date": 80,
        "deltas": [
            -0.6607608220076902,
            0.501757144345978,
            0.0
        ],
        "deltasStdDev": [
            0.001591920126028341,
            0.001412207737581045,
            0.0
        ],
        "price": 1.0787936643300808,
        "priceStdDev": 0.0050412929854816825,
        "value": 1.1439085052207028
    },
    {
        "date": 81,
        "deltas": [
            -0.6699196592162756,
            0.5071456094516519,
            0.0
        ],
        "deltasStdDev": [
            0.0015756114151638278,
            0.0013930034073134433,
            0.0
        ],
        "price": 1.0922688887573886,
        "priceStdDev": 0.005005487481078565,
        "value": 1.162367474566409
    },
    {
        "date": 82,
        "deltas": [
            -0.695830775764959,
            0.5238148907318061,
            0.0
        ],
        "deltasStdDev": [
            0.0015398274552654299,
            0.001358042025828157,
            0.0
        ],
        "price": 1.1541469158683968,
        "priceStdDev": 0.00505723371411936,
        "value": 1.222682917527952
    },
    {
        "date": 83,
        "deltas": [
            -0.7417996631631767,
            0.5517465191234373,
            0.0
        ],
        "deltasStdDev": [
            0.0014554429234733082,
            0.001282309077916021,
            0.0
        ],
        "price": 1.3146007844811338,
        "priceStdDev": 0.005316095877883472,
        "value": 1.3797390644689926
    },
    {
        "date": 84,
        "deltas": [
            -0.7896530453686319,
            0.5804864617329074,
            0.0
        ],
        "deltasStdDev": [
            0.0013504247488865452,
            0.0011837897074015251,
            0.0
        ],
        "price": 1.4968807287881682,
        "priceStdDev": 0.0055109772510238625,
        "value": 1.5581738594622787
    },
    {
        "date": 85,
        "deltas": [
            -0.8086796294836229,
            0.5280194109640297,
            0.0
        ],
        "deltasStdDev": [
            0.001309408946205444,
            0.0010573493965906,
            0.0
        ],
        "price": 1.6110532021032853,
        "priceStdDev": 0.005683320814693275,
        "value": 1.690535336510727
    },
    {
        "date": 86,
        "deltas": [
            -0.7842581307301206,
            0.5159862328729803,
            0.0
        ],
        "deltasStdDev": [
            0.0013603260743621428,
            0.001099158110013117,
            0.0
        ],
        "price": 1.4563394208308282,
        "priceStdDev": 0.005403409188256396,
        "value": 1.531946743233946
    },
    {
        "date": 87,
        "deltas": [
            -0.8161611932208934,
            0.5325008774792045,
            0.0
        ],
        "deltasStdDev": [
            0.0012797178542430052,
            0.001034982885116939,
            0.0
        ],
        "price": 1.5804967027814192,
        "priceStdDev": 0.005461449848238304,
        "value": 1.6511094481005464
    },
    {
        "date": 88,
        "deltas": [
            -0.8310622761031133,
            0.5394613676068475,
            0.0
        ],
        "deltasStdDev": [
            0.001237857506116615,
            0.0009998041943137439,
            0.0
        ],
        "price": 1.6503927440886152,
        "priceStdDev": 0.005487263691915987,
        "value": 1.7221928649870928
    },
    {
        "date": 89,
        "deltas": [
            -0.8688813949540073,
            0.558910306473258,
            0.0
        ],
        "deltasStdDev": [
            0.0011311392033271047,
            0.0009162546518424223,
            0.0
        ],
        "price": 1.9243116307642492,
        "priceStdDev": 0.005920346327263131,
        "value": 1.9905495577269159
    },
    {
        "date": 90,
        "deltas": [
            -0.8669303821296181,
            0.5568468342337075,
            0.0
        ],
        "deltasStdDev": [
            0.0011382842674884824,
            0.0009156953263240135,
            0.0
        ],
        "price": 1.9531079777271991,
        "priceStdDev": 0.00602431795066769,
        "value": 2.0274413295649167
    },
    {
        "date": 91,
        "deltas": [
            -0.8222965052086006,
            0.5350011074658598,
            0.0
        ],
        "deltasStdDev": [
            0.0012534186436902516,
            0.0010079729247917798,
            0.0
        ],
        "price": 1.6149725991846546,
        "priceStdDev": 0.005512040076515617,
        "value": 1.682635647491816
    },
    {
        "date": 92,
        "deltas": [
            -0.8666773434394942,
            0.5562826552123817,
            0.0
        ],
        "deltasStdDev": [
            0.0011330343771654469,
            0.0009114780860256451,
            0.0
        ],
        "price": 1.90746537045531,
        "priceStdDev": 0.005880904546786009,
        "value": 1.9750132498204591
    },
    {
        "date": 93,
        "deltas": [
            -0.8843150471018715,
            0.5645476000718348,
            0.0
        ],
        "deltasStdDev": [
            0.0010848016909086333,
            0.0008724254400839731,
            0.0
        ],
        "price": 2.023494489815514,
        "priceStdDev": 0.005990558298481078,
        "value": 2.09757852387195
    },
    {
        "date": 94,
        "deltas": [
            -0.8823018039901732,
            0.5639617667131154,
            0.0
        ],
        "deltasStdDev": [
            0.0010885195276688654,
            0.0008740590665002676,
            0.0
        ],
        "price": 2.031004430202682,
        "priceStdDev": 0.0060094081554211715,
        "value": 2.0972645823640477
    },
    {
        "date": 95,
        "deltas": [
            -0.8666283133701116,
            0.5573166674571,
            0.0
        ],
        "deltasStdDev": [
            0.0011251974584534769,
            0.0009019974831114941,
            0.0
        ],
        "price": 1.9076104238670093,
        "priceStdDev": 0.00586666310080484,
        "value": 1.966492136759264
    },
    {
        "date": 96,
        "deltas": [
            -0.849484520597328,
            0.5467002209466961,
            0.0
        ],
        "deltasStdDev": [
            0.0011788260236864564,
            0.0009421258902152959,
            0.0
        ],
        "price": 1.7687336041559858,
        "priceStdDev": 0.00565060142668461,
        "value": 1.8457473957387363
    },
    {
        "date": 97,
        "deltas": [
            -0.836179886229742,
            0.5412576618021967,
            0.0
        ],
        "deltasStdDev": [
            0.0012073749803867707,
            0.0009643478925897705,
            0.0
        ],
        "price": 1.6777470726531767,
        "priceStdDev": 0.005494189455828436,
        "value": 1.7421481040224212
    },
    {
        "date": 98,
        "deltas": [
            -0.8672672079047945,
            0.5570531033209619,
            0.0
        ],
        "deltasStdDev": [
            0.001117010420353041,
            0.0008958306028539564,
            0.0
        ],
        "price": 1.8677255579727174,
        "priceStdDev": 0.005685115823483932,
        "value": 1.9250928425638731
    },
    {
        "date": 99,
        "deltas": [
            -0.8755204653378077,
            0.5606104634782721,
            0.0
        ],
        "deltasStdDev": [
            0.0010923965647799537,
            0.0008733464909754725,
            0.0
        ],
        "price": 1.9066668095272326,
        "priceStdDev": 0.005689375897988285,
        "value": 1.9695238177206007
    },
    {
        "date": 100,
        "deltas": [
            -0.8504591451450745,
            0.5474453259403076,
            0.0
        ],
        "deltasStdDev": [
            0.0011596898191095649,
            0.0009250006388429967,
            0.0
        ],
        "price": 1.7216557291694417,
        "priceStdDev": 0.005456014773664439,
        "value": 1.7931265165433636
    },
    {
        "date": 101,
        "deltas": [
            -0.8509457531671721,
            0.547157495722782,
            0.0
        ],
        "deltasStdDev": [
            0.0011597717584335432,
            0.000924741531093083,
            0.0
        ],
        "price": 1.7143967044823958,
        "priceStdDev": 0.005432774559249879,
        "value": 1.7913608135529948
    },
    {
        "date": 102,
        "deltas": [
            -0.8795952619227716,
            0.5623106299684522,
            0.0
        ],
        "deltasStdDev": [
            0.0010659529058274061,
            0.0008528361070144348,
            0.0
        ],
        "price": 1.8807746232619844,
        "priceStdDev": 0.005522642452836651,
        "value": 1.9451113231366137
    },
    {
        "date": 103,
        "deltas": [
            -0.87355401220803,
            0.5596223379578619,
            0.0
        ],
        "deltasStdDev": [
            0.001087135730756855,
            0.0008661178182376959,
            0.0
        ],
        "price": 1.824345769127355,
        "priceStdDev": 0.005439738880337529,
        "value": 1.886380443363434
    },
    {
        "date": 104,
        "deltas": [
            -0.8471912102250547,
            0.545514546839865,
            0.0
        ],
        "deltasStdDev": [
            0.0011585619987531162,
            0.0009216877485001898,
            0.0
        ],
        "price": 1.6712405041226162,
        "priceStdDev": 0.005308687726903578,
        "value": 1.7408794851586311
    },
    {
        "date": 105,
        "deltas": [
            -0.8626601951003046,
            0.5538804315646785,
            0.0
        ],
        "deltasStdDev": [
            0.001105065141656766,
            0.000876561147687847,
            0.0
        ],
        "price": 1.7861397724950794,
        "priceStdDev": 0.005443434496175264,
        "value": 1.8471924049555986
    },
    {
        "date": 106,
        "deltas": [
            -0.8647601036445616,
            0.48665034708603006,
            0.0
        ],
        "deltasStdDev": [
            0.0011035600898586938,
            0.0008005137158626268,
            0.0
        ],
        "price": 1.7959358069164704,
        "priceStdDev": 0.005451741462309307,
        "value": 1.870283827213886
    },
    {
        "date": 107,
        "deltas": [
            -0.8674776670449835,
            0.4880835919490459,
            0.0
        ],
        "deltasStdDev": [
            0.001090551065109442,
            0.0007911991522850219,
            0.0
        ],
        "price": 1.8026947634878951,
        "priceStdDev": 0.005435438306602297,
        "value": 1.873521880079117
    },
    {
        "date": 108,
        "deltas": [
            -0.8530145393038137,
            0.4816560306616918,
            0.0
        ],
        "deltasStdDev": [
            0.00112980649331788,
            0.0008158025292074083,
            0.0
        ],
        "price": 1.7081614927600728,
        "priceStdDev": 0.005327618628677056,
        "value": 1.7841886851419595
    },
    {
        "date": 109,
        "deltas": [
            -0.8677502444172476,
            0.48794565088195546,
            0.0
        ],
        "deltasStdDev": [
            0.0010785709635119517,
            0.0007823100006131649,
            0.0
        ],
        "price": 1.7671100581548485,
        "priceStdDev": 0.005289733180994771,
        "value": 1.8394384813643652
    },
    {
        "date": 110,
        "deltas": [
            -0.9091673236383613,
            0.505570527202885,
            0.0
        ],
        "deltasStdDev": [
            0.0009468126017900219,
            0.0006909812027298097,
            0.0
        ],
        "price": 2.0620195588694767,
        "priceStdDev": 0.005503097400822823,
        "value": 2.125680743114814
    },
    {
        "date": 111,
        "deltas": [
            -0.900218320896045,
            0.5016736578011891,
            0.0
        ],
        "deltasStdDev": [
            0.000979737313885941,
            0.0007069506277252454,
            0.0
        ],
        "price": 2.0242980304122855,
        "priceStdDev": 0.0055353082384737295,
        "value": 2.0895241119673056
    },
    {
        "date": 112,
        "deltas": [
            -0.9058595636617183,
            0.5038583579138892,
            0.0
        ],
        "deltasStdDev": [
            0.0009575079938025406,
            0.0006937353010061373,
            0.0
        ],
        "price": 2.06149730682733,
        "priceStdDev": 0.0055629880976304355,
        "value": 2.1316164278186047
    },
    {
        "date": 113,
        "deltas": [
            -0.8874507914898491,
            0.4959390938597583,
            0.0
        ],
        "deltasStdDev": [
            0.0010098480859199212,
            0.000729375482255343,
            0.0
        ],
        "price": 1.8787687629703604,
        "priceStdDev": 0.005322956955624202,
        "value": 1.9461764961125452
    },
    {
        "date": 114,
        "deltas": [
            -0.9212872261763299,
            0.5100453950872216,
            0.0
        ],
        "deltasStdDev": [
            0.0008898071885570913,
            0.0006446625876595489,
            0.0
        ],
        "price": 2.120644533143887,
        "priceStdDev": 0.005392694547395515,
        "value": 2.18498010513031
    },
    {
        "date": 115,
        "deltas": [
            -0.9352452613007461,
            0.5156439421112466,
            0.0
        ],
        "deltasStdDev": [
            0.000825695138241959,
            0.0006046135249423598,
            0.0
        ],
        "price": 2.2370260927023766,
        "priceStdDev": 0.005397663038966618,
        "value": 2.291709968566847
    },
    {
        "date": 116,
        "deltas": [
            -0.9184076529345777,
            0.5080767855247771,
            0.0
        ],
        "deltasStdDev": [
            0.0008927739058032599,
            0.0006477001023901337,
            0.0
        ],
        "price": 2.053137211239437,
        "priceStdDev": 0.005266259951821529,
        "value": 2.1232904904360037
    },
    {
        "date": 117,
        "deltas": [
            -0.926029401557754,
            0.5120190771687401,
            0.0
        ],
        "deltasStdDev": [
            0.0008565675981146047,
            0.0006219930513184387,
            0.0
        ],
        "price": 2.084866204248151,
        "priceStdDev": 0.005183313964135595,
        "value": 2.1441400896908602
    },
    {
        "date": 118,
        "deltas": [
            -0.9299257814623288,
            0.513183728899795,
            0.0
        ],
        "deltasStdDev": [
            0.0008421791513932156,
            0.0006080777029111492,
            0.0
        ],
        "price": 2.1112446988712983,
        "priceStdDev": 0.005143051804581659,
        "value": 2.1727429858036373
    },
    {
        "date": 119,
        "deltas": [
            -0.9291035130396214,
            0.512838390823406,
            0.0
        ],
        "deltasStdDev": [
            0.000844410419255143,
            0.000609686183955613,
            0.0
        ],
        "price": 2.1355943692009625,
        "priceStdDev": 0.005224955818885044,
        "value": 2.2010697732151803
    },
    {
        "date": 120,
        "deltas": [
            -0.9447867959587355,
            0.5184256139901319,
            0.0
        ],
        "deltasStdDev": [
            0.0007901494577849644,
            0.0005643460484700828,
            0.0
        ],
        "price": 2.287305685505264,
        "priceStdDev": 0.00525159392332885,
        "value": 2.355832508221459
    },
    {
        "date": 121,
        "deltas": [
            -0.9406069193825688,
            0.517792528549016,
            0.0
        ],
        "deltasStdDev": [
            0.0007989497951308012,
            0.0005704473054338078,
            0.0
        ],
        "price": 2.253018342270434,
        "priceStdDev": 0.005243276557931823,
        "value": 2.3091839737201862
    },
    {
        "date": 122,
        "deltas": [
            -0.9191193738063629,
            0.5089710647091661,
            0.0
        ],
        "deltasStdDev": [
            0.0008672604103042809,
            0.0006205138764132336,
            0.0
        ],
        "price": 2.061498185284562,
        "priceStdDev": 0.005220730928518424,
        "value": 2.118761696075346
    },
    {
        "date": 123,
        "deltas": [
            -0.9228806621365764,
            0.5100548834884608,
            0.0
        ],
        "deltasStdDev": [
            0.0008634313444750782,
            0.0006119866441640431,
            0.0
        ],
        "price": 2.061156484171525,
        "priceStdDev": 0.005170716879339181,
        "value": 2.134647577379374
    },
    {
        "date": 124,
        "deltas": [
            -0.9459651175411634,
            0.5187629184449785,
            0.0
        ],
        "deltasStdDev": [
            0.0007762342837185381,
            0.000547649908261901,
            0.0
        ],
        "price": 2.32051699670077,
        "priceStdDev": 0.005307918051725989,
        "value": 2.389870216249048
    },
    {
        "date": 125,
        "deltas": [
            -0.9426399759173273,
            0.5183886994009618,
            0.0
        ],
        "deltasStdDev": [
            0.0007800487382562443,
            0.0005477469753896895,
            0.0
        ],
        "price": 2.2993883656549676,
        "priceStdDev": 0.005260090635528093,
        "value": 2.355971084653416
    },
    {
        "date": 126,
        "deltas": [
            -0.9503916048758667,
            0.5208034863690744,
            0.0
        ],
        "deltasStdDev": [
            0.000745586946526778,
            0.0005221338496008915,
            0.0
        ],
        "price": 2.3734239294591313,
        "priceStdDev": 0.005256224746910835,
        "value": 2.432369168334196
    },
    {
        "date": 127,
        "deltas": [
            -0.9391440558371977,
            0.44344691861669644,
            0.0
        ],
        "deltasStdDev": [
            0.0007872504539154244,
            0.0005117596733808539,
            0.0
        ],
        "price": 2.1723068692210807,
        "priceStdDev": 0.005053488236308361,
        "value": 2.2021084123799692
    },
    {
        "date": 128,
        "deltas": [
            -0.9324300903109274,
            0.4410589053564916,
            0.0
        ],
        "deltasStdDev": [
            0.000807460982819769,
            0.0005238910288971666,
            0.0
        ],
        "price": 2.1223034854498386,
        "priceStdDev": 0.005049953549899724,
        "value": 2.1505239340414386
    },
    {
        "date": 129,
        "deltas": [
            -0.9018003226457955,
            0.4319299905779584,
            0.0
        ],
        "deltasStdDev": [
            0.0009166294506470251,
            0.0005884567711121342,
            0.0
        ],
        "price": 1.8703412682369143,
        "priceStdDev": 0.004975531599650366,
        "value": 1.8886192775456738
    },
    {
        "date": 130,
        "deltas": [
            -0.911314564952663,
            0.43379156243789857,
            0.0
        ],
        "deltasStdDev": [
            0.000880372619577522,
            0.0005656367259814278,
            0.0
        ],
        "price": 1.9571408677739126,
        "priceStdDev": 0.0050542951325761145,
        "value": 1.989360444380429
    },
    {
        "date": 131,
        "deltas": [
            -0.9138060598759968,
            0.43560472707863757,
            0.0
        ],
        "deltasStdDev": [
            0.0008655676507858366,
            0.0005583759383096614,
            0.0
        ],
        "price": 1.9472736953062617,
        "priceStdDev": 0.004991303492055842,
        "value": 1.9707695427728877
    },
    {
        "date": 132,
        "deltas": [
            -0.9066272089629455,
            0.43199106360975126,
            0.0
        ],
        "deltasStdDev": [
            0.0008931899978105475,
            0.0005715172550292697,
            0.0
        ],
        "price": 1.8764517412621724,
        "priceStdDev": 0.004898072479853985,
        "value": 1.9131640779557104
    },
    {
        "date": 133,
        "deltas": [
            -0.9064727907055177,
            0.4326859184077645,
            0.0
        ],
        "deltasStdDev": [
            0.0008751169318662076,
            0.0005617247936603621,
            0.0
        ],
        "price": 1.843424645661035,
        "priceStdDev": 0.004826629857482294,
        "value": 1.8724873988064497
    },
    {
        "date": 134,
        "deltas": [
            -0.91022321293526,
            0.4339861960326933,
            0.0
        ],
        "deltasStdDev": [
            0.0008764301892617482,
            0.0005581166651055379,
            0.0
        ],
        "price": 1.8937701928451316,
        "priceStdDev": 0.004880630311920063,
        "value": 1.9266115644271622
    },
    {
        "date": 135,
        "deltas": [
            -0.9150642558090499,
            0.4358461083308661,
            0.0
        ],
        "deltasStdDev": [
            0.0008498839961579326,
            0.000540538476550744,
            0.0
        ],
        "price": 1.9399708531503659,
        "priceStdDev": 0.004903950981983473,
        "value": 1.9684137049823471
    },
    {
        "date": 136,
        "deltas": [
            -0.9186499345354491,
            0.4368498379250701,
            0.0
        ],
        "deltasStdDev": [
            0.0008429777285010489,
            0.0005353703585389506,
            0.0
        ],
        "price": 1.984883067611023,
        "priceStdDev": 0.00497445872351016,
        "value": 2.017777511445617
    },
    {
        "date": 137,
        "deltas": [
            -0.9298288508018364,
            0.4403400335063163,
            0.0
        ],
        "deltasStdDev": [
            0.0008052511580244551,
            0.0005064478740925421,
            0.0
        ],
        "price": 2.0585495963613383,
        "priceStdDev": 0.00493295693054087,
        "value": 2.097543629375453
    },
    {
        "date": 138,
        "deltas": [
            -0.9375917319348519,
            0.44311120676182236,
            0.0
        ],
        "deltasStdDev": [
            0.0007705488822136537,
            0.0004871224337312231,
            0.0
        ],
        "price": 2.1612387910103106,
        "priceStdDev": 0.005038602536821093,
        "value": 2.1972585630147536
    },
    {
        "date": 139,
        "deltas": [
            -0.9388967254548166,
            0.4435697848242324,
            0.0
        ],
        "deltasStdDev": [
            0.0007602781908574329,
            0.0004785442870552839,
            0.0
        ],
        "price": 2.1705143706391326,
        "priceStdDev": 0.005028859070767626,
        "value": 2.2080652209461684
    },
    {
        "date": 140,
        "deltas": [
            -0.9288964465248655,
            0.4395605094582915,
            0.0
        ],
        "deltasStdDev": [
            0.0007955745138910891,
            0.0004973383918071381,
            0.0
        ],
        "price": 2.0780545373784007,
        "priceStdDev": 0.004993769418112912,
        "value": 2.1221951916358384
    },
    {
        "date": 141,
        "deltas": [
            -0.9304125320801889,
            0.4403870565906948,
            0.0
        ],
        "deltasStdDev": [
            0.0007897748612474514,
            0.0004931768945327049,
            0.0
        ],
        "price": 2.123017989982231,
        "priceStdDev": 0.005094409153136777,
        "value": 2.167643473328707
    },
    {
        "date": 142,
        "deltas": [
            -0.9016969290235108,
            0.43049089012330083,
            0.0
        ],
        "deltasStdDev": [
            0.0008879422713290955,
            0.0005532770656847873,
            0.0
        ],
        "price": 1.8651906137618988,
        "priceStdDev": 0.004929367617202215,
        "value": 1.901041579109747
    },
    {
        "date": 143,
        "deltas": [
            -0.8911740966234529,
            0.42638392772829836,
            0.0
        ],
        "deltasStdDev": [
            0.000919194416374769,
            0.0005698101428599961,
            0.0
        ],
        "price": 1.802162806563238,
        "priceStdDev": 0.004910902789411742,
        "value": 1.8443696619229302
    },
    {
        "date": 144,
        "deltas": [
            -0.9055264505650946,
            0.4310709774184812,
            0.0
        ],
        "deltasStdDev": [
            0.0008637164825279558,
            0.000534964482670154,
            0.0
        ],
        "price": 1.8985868110288049,
        "priceStdDev": 0.004951783053748129,
        "value": 1.946934360221312
    },
    {
        "date": 145,
        "deltas": [
            -0.9173688137717128,
            0.4354364494109344,
            0.0
        ],
        "deltasStdDev": [
            0.0008267053212405272,
            0.0005088768903318754,
            0.0
        ],
        "price": 1.9736206299139483,
        "priceStdDev": 0.004953359625379821,
        "value": 2.026337389306944
    },
    {
        "date": 146,
        "deltas": [
            -0.9063237980855122,
            0.4322495255333829,
            0.0
        ],
        "deltasStdDev": [
            0.0008676939471485899,
            0.0005330152980757857,
            0.0
        ],
        "price": 1.9056529085721652,
        "priceStdDev": 0.004926263396810991,
        "value": 1.9442792285868746
    },
    {
        "date": 147,
        "deltas": [
            -0.9195119700407947,
            0.4370435433671666,
            0.0
        ],
        "deltasStdDev": [
            0.000804066249493802,
            0.0004924727819593317,
            0.0
        ],
        "price": 1.9639782234626733,
        "priceStdDev": 0.004828277233564807,
        "value": 1.9944561934540586
    },
    {
        "date": 148,
        "deltas": [
            -0.9075273302458882,
            0.361068998127555,
            0.0
        ],
        "deltasStdDev": [
            0.0008468522562039052,
            0.0004668536243799393,
            0.0
        ],
        "price": 1.8823173540750489,
        "priceStdDev": 0.004857230607678535,
        "value": 1.9446703915795425
    },
    {
        "date": 149,
        "deltas": [
            -0.8876985403520539,
            0.3551149493517094,
            0.0
        ],
        "deltasStdDev": [
            0.0009115216471181496,
            0.0004960162422088326,
            0.0
        ],
        "price": 1.749900522956904,
        "priceStdDev": 0.004782782537174272,
        "value": 1.8137234191018132
    },
    {
        "date": 150,
        "deltas": [
            -0.8890198904991125,
            0.355432389150597,
            0.0
        ],
        "deltasStdDev": [
            0.0009134042288457657,
            0.0004959035862990655,
            0.0
        ],
        "price": 1.7540552836136032,
        "priceStdDev": 0.0047826991434607915,
        "value": 1.822501044062471
    },
    {
        "date": 151,
        "deltas": [
            -0.8974071201099791,
            0.3592409574458922,
            0.0
        ],
        "deltasStdDev": [
            0.0008776614513414441,
            0.0004763623970046699,
            0.0
        ],
        "price": 1.7806152002425053,
        "priceStdDev": 0.004723976046518304,
        "value": 1.8357265969479846
    },
    {
        "date": 152,
        "deltas": [
            -0.879354299946169,
            0.3525141950402196,
            0.0
        ],
        "deltasStdDev": [
            0.0009326568491482062,
            0.0005048960470143073,
            0.0
        ],
        "price": 1.6604155690622024,
        "priceStdDev": 0.004638562378175083,
        "value": 1.726232639519952
    },
    {
        "date": 153,
        "deltas": [
            -0.8441176988144826,
            0.34161475764802124,
            0.0
        ],
        "deltasStdDev": [
            0.001031148985070305,
            0.0005558496461786522,
            0.0
        ],
        "price": 1.4543840709900535,
        "priceStdDev": 0.004453008769599555,
        "value": 1.518727254404812
    },
    {
        "date": 154,
        "deltas": [
            -0.8905473904262459,
            0.35555247009900975,
            0.0
        ],
        "deltasStdDev": [
            0.0008970039346088102,
            0.0004827756266586002,
            0.0
        ],
        "price": 1.723083724363514,
        "priceStdDev": 0.004644899222515924,
        "value": 1.7863524297300808
    },
    {
        "date": 155,
        "deltas": [
            -0.934339132156552,
            0.36926437993473427,
            0.0
        ],
        "deltasStdDev": [
            0.000727616365202517,
            0.0003978440045645803,
            0.0
        ],
        "price": 2.026051852613928,
        "priceStdDev": 0.004683774704797609,
        "value": 2.067229272156874
    },
    {
        "date": 156,
        "deltas": [
            -0.9431623886365152,
            0.37173366598334284,
            0.0
        ],
        "deltasStdDev": [
            0.0006874914718110259,
            0.0003744348434010768,
            0.0
        ],
        "price": 2.11693177478897,
        "priceStdDev": 0.004660679169262276,
        "value": 2.1505146893471236
    },
    {
        "date": 157,
        "deltas": [
            -0.9422862473043909,
            0.37133254618565453,
            0.0
        ],
        "deltasStdDev": [
            0.0006882137008367353,
            0.0003726165059870383,
            0.0
        ],
        "price": 2.0578652775688577,
        "priceStdDev": 0.004565504517232384,
        "value": 2.100809738749045
    },
    {
        "date": 158,
        "deltas": [
            -0.952408897078866,
            0.3735872425835281,
            0.0
        ],
        "deltasStdDev": [
            0.0006473989785133577,
            0.000349169151247234,
            0.0
        ],
        "price": 2.183281190599401,
        "priceStdDev": 0.004583702125769584,
        "value": 2.2242894027422926
    },
    {
        "date": 159,
        "deltas": [
            -0.9321307859399066,
            0.36815121234061676,
            0.0
        ],
        "deltasStdDev": [
            0.0007234522407866672,
            0.0003899448299306734,
            0.0
        ],
        "price": 1.9667379175330129,
        "priceStdDev": 0.004562096286596182,
        "value": 2.016238159286333
    },
    {
        "date": 160,
        "deltas": [
            -0.9242272947736643,
            0.36585058356220895,
            0.0
        ],
        "deltasStdDev": [
            0.0007561641582057001,
            0.0004031649076332887,
            0.0
        ],
        "price": 1.9069914375576007,
        "priceStdDev": 0.004547076308231272,
        "value": 1.957294610113875
    },
    {
        "date": 161,
        "deltas": [
            -0.9178323289185334,
            0.3639308278961573,
            0.0
        ],
        "deltasStdDev": [
            0.0007752815640462087,
            0.00041388919756807314,
            0.0
        ],
        "price": 1.8256137856851355,
        "priceStdDev": 0.004444367655510685,
        "value": 1.877201192436634
    },
    {
        "date": 162,
        "deltas": [
            -0.9365206701061727,
            0.3702269992522244,
            0.0
        ],
        "deltasStdDev": [
            0.0007059299667244341,
            0.00037482644256172504,
            0.0
        ],
        "price": 1.9849948876093664,
        "priceStdDev": 0.00452447388148266,
        "value": 2.027713040369904
    },
    {
        "date": 163,
        "deltas": [
            -0.9388938697773338,
            0.37037487337333885,
            0.0
        ],
        "deltasStdDev": [
            0.0006866260292598181,
            0.00036301222468214394,
            0.0
        ],
        "price": 2.0209922412440386,
        "priceStdDev": 0.004531366943547971,
        "value": 2.067412457220983
    },
    {
        "date": 164,
        "deltas": [
            -0.9471089227246293,
            0.37254487113700446,
            0.0
        ],
        "deltasStdDev": [
            0.0006545463852793228,
            0.0003446581347199493,
            0.0
        ],
        "price": 2.0724778802988015,
        "priceStdDev": 0.00445315301297801,
        "value": 2.12022772301129
    },
    {
        "date": 165,
        "deltas": [
            -0.9351315226772481,
            0.3693931100017054,
            0.0
        ],
        "deltasStdDev": [
            0.00069173597037441,
            0.0003658946067441398,
            0.0
        ],
        "price": 1.950110374385498,
        "priceStdDev": 0.004437731780227768,
        "value": 1.996708471817561
    },
    {
        "date": 166,
        "deltas": [
            -0.9468782340300188,
            0.3722608548869068,
            0.0
        ],
        "deltasStdDev": [
            0.0006507943838151656,
            0.00033907688327667663,
            0.0
        ],
        "price": 2.0505163714021464,
        "priceStdDev": 0.004417963978562955,
        "value": 2.1048110811346774
    },
    {
        "date": 167,
        "deltas": [
            -0.9611649839337219,
            0.3760092477414991,
            0.0
        ],
        "deltasStdDev": [
            0.0005920522552784065,
            0.0003027357255361795,
            0.0
        ],
        "price": 2.224705416160328,
        "priceStdDev": 0.004383844949497716,
        "value": 2.2643488750298344
    },
    {
        "date": 168,
        "deltas": [
            -0.9570291648029547,
            0.37468192269553274,
            0.0
        ],
        "deltasStdDev": [
            0.0006048272536004245,
            0.00031036457499244725,
            0.0
        ],
        "price": 2.13323437435705,
        "priceStdDev": 0.004336357079027905,
        "value": 2.188878297163063
    },
    {
        "date": 169,
        "deltas": [
            -0.9639173532949825,
            0.3016739541958897,
            0.0
        ],
        "deltasStdDev": [
            0.0005719362094242849,
            0.0002660925525352127,
            0.0
        ],
        "price": 2.238709896516986,
        "priceStdDev": 0.004351676495301896,
        "value": 2.296996734908621
    },
    {
        "date": 170,
        "deltas": [
            -0.9701841775730508,
            0.30304117567003475,
            0.0
        ],
        "deltasStdDev": [
            0.000546592785166744,
            0.0002519658376038737,
            0.0
        ],
        "price": 2.3340053491047477,
        "priceStdDev": 0.004339660469282965,
        "value": 2.3879052723429774
    },
    {
        "date": 171,
        "deltas": [
            -0.9635985244228314,
            0.3019076413841071,
            0.0
        ],
        "deltasStdDev": [
            0.0005659441728191605,
            0.0002600284668947769,
            0.0
        ],
        "price": 2.2130467532893356,
        "priceStdDev": 0.004291666033042728,
        "value": 2.266333228863523
    },
    {
        "date": 172,
        "deltas": [
            -0.9729767764574547,
            0.3037070432944849,
            0.0
        ],
        "deltasStdDev": [
            0.0005325393609516618,
            0.00024180227421921334,
            0.0
        ],
        "price": 2.3314449095790195,
        "priceStdDev": 0.004214303552354163,
        "value": 2.3817960824841142
    },
    {
        "date": 173,
        "deltas": [
            -0.972520811100762,
            0.30313565623754246,
            0.0
        ],
        "deltasStdDev": [
            0.0005298472931128114,
            0.00024079079870428964,
            0.0
        ],
        "price": 2.30940441304342,
        "priceStdDev": 0.004187851402077156,
        "value": 2.3681930445785193
    },
    {
        "date": 174,
        "deltas": [
            -0.9771425181311825,
            0.3044917045173561,
            0.0
        ],
        "deltasStdDev": [
            0.0005091722176586221,
            0.00022881453109780273,
            0.0
        ],
        "price": 2.364864514647985,
        "priceStdDev": 0.004130946076276482,
        "value": 2.418633649587248
    },
    {
        "date": 175,
        "deltas": [
            -0.9650474919993941,
            0.3020907193559293,
            0.0
        ],
        "deltasStdDev": [
            0.0005521294216368306,
            0.0002497425711096252,
            0.0
        ],
        "price": 2.1627657040358628,
        "priceStdDev": 0.004107424451020864,
        "value": 2.217407616509176
    },
    {
        "date": 176,
        "deltas": [
            -0.9553532982936749,
            0.30030184864182,
            0.0
        ],
        "deltasStdDev": [
            0.0005824024953257294,
            0.0002629598484831971,
            0.0
        ],
        "price": 2.0364144257864707,
        "priceStdDev": 0.004112216808653641,
        "value": 2.092943763716451
    },
    {
        "date": 177,
        "deltas": [
            -0.9629783807650111,
            0.30209692479816125,
            0.0
        ],
        "deltasStdDev": [
            0.0005529302191528854,
            0.0002469849827231416,
            0.0
        ],
        "price": 2.1038732513937344,
        "priceStdDev": 0.00407777430378052,
        "value": 2.160600940556435
    },
    {
        "date": 178,
        "deltas": [
            -0.9665345944807361,
            0.30252890978347347,
            0.0
        ],
        "deltasStdDev": [
            0.0005343680451133536,
            0.00023748061920273331,
            0.0
        ],
        "price": 2.1506351347939687,
        "priceStdDev": 0.004052516973283287,
        "value": 2.2070873361516616
    },
    {
        "date": 179,
        "deltas": [
            -0.9702048762744038,
            0.3033265079824413,
            0.0
        ],
        "deltasStdDev": [
            0.0005207928785446403,
            0.00022875245300738278,
            0.0
        ],
        "price": 2.203514691469113,
        "priceStdDev": 0.004028275451478353,
        "value": 2.2577019543901553
    },
    {
        "date": 180,
        "deltas": [
            -0.9786916533850504,
            0.3044114961222232,
            0.0
        ],
        "deltasStdDev": [
            0.000488712092605399,
            0.0002088965052646416,
            0.0
        ],
        "price": 2.309385118337747,
        "priceStdDev": 0.003952769447025202,
        "value": 2.3660177980226553
    },
    {
        "date": 181,
        "deltas": [
            -0.9695263325682205,
            0.30291198258517565,
            0.0
        ],
        "deltasStdDev": [
            0.0005191930316044617,
            0.00022401456063163126,
            0.0
        ],
        "price": 2.165326418033026,
        "priceStdDev": 0.003962322796714813,
        "value": 2.221690967901857
    },
    {
        "date": 182,
        "deltas": [
            -0.9686480939744514,
            0.30286733324884524,
            0.0
        ],
        "deltasStdDev": [
            0.0005123103741883823,
            0.00022196058783733306,
            0.0
        ],
        "price": 2.124998759183836,
        "priceStdDev": 0.003899891093981637,
        "value": 2.1778840468857066
    },
    {
        "date": 183,
        "deltas": [
            -0.961506654095258,
            0.3017605115032609,
            0.0
        ],
        "deltasStdDev": [
            0.0005288212836017902,
            0.0002289292997133868,
            0.0
        ],
        "price": 2.0082683063185507,
        "priceStdDev": 0.0038435668010551537,
        "value": 2.056996397408951
    },
    {
        "date": 184,
        "deltas": [
            -0.9619657800864774,
            0.30171460902653435,
            0.0
        ],
        "deltasStdDev": [
            0.0005360012071455554,
            0.0002272540781155102,
            0.0
        ],
        "price": 2.0182135261844945,
        "priceStdDev": 0.0038493644707832215,
        "value": 2.072741153458148
    },
    {
        "date": 185,
        "deltas": [
            -0.949829949912187,
            0.29977579179607605,
            0.0
        ],
        "deltasStdDev": [
            0.0005673994903643286,
            0.0002430519230416789,
            0.0
        ],
        "price": 1.885841664321988,
        "priceStdDev": 0.0038542360277175774,
        "value": 1.9378874703375235
    },
    {
        "date": 186,
        "deltas": [
            -0.9647655398712826,
            0.30186668355520374,
            0.0
        ],
        "deltasStdDev": [
            0.0005170251974509258,
            0.0002196773512855335,
            0.0
        ],
        "price": 1.9810915041317503,
        "priceStdDev": 0.003713351540694316,
        "value": 2.040669800881883
    },
    {
        "date": 187,
        "deltas": [
            -0.9536919583874616,
            0.30036129537772066,
            0.0
        ],
        "deltasStdDev": [
            0.0005473043211898253,
            0.00023234871059891218,
            0.0
        ],
        "price": 1.8372176862676495,
        "priceStdDev": 0.00365639415758185,
        "value": 1.886649516707398
    },
    {
        "date": 188,
        "deltas": [
            -0.9448041069063362,
            0.29886350466573675,
            0.0
        ],
        "deltasStdDev": [
            0.0005798320302526272,
            0.00024541365761156274,
            0.0
        ],
        "price": 1.7195833891826182,
        "priceStdDev": 0.0035931555589401427,
        "value": 1.7755247074615985
    },
    {
        "date": 189,
        "deltas": [
            -0.9599837556578131,
            0.30186360037382093,
            0.0
        ],
        "deltasStdDev": [
            0.0005127981079836232,
            0.00021287530930558064,
            0.0
        ],
        "price": 1.8503852810912562,
        "priceStdDev": 0.003525900440371399,
        "value": 1.8960389573454135
    },
    {
        "date": 190,
        "deltas": [
            -0.9679581477188011,
            0.22744975719992816,
            0.0
        ],
        "deltasStdDev": [
            0.0004901965088986792,
            0.00017744036548047353,
            0.0
        ],
        "price": 1.947430089416993,
        "priceStdDev": 0.003526470548534152,
        "value": 2.0172197826330702
    },
    {
        "date": 191,
        "deltas": [
            -0.9647219408144221,
            0.22698124755060778,
            0.0
        ],
        "deltasStdDev": [
            0.0004975135972765061,
            0.00018053938595712248,
            0.0
        ],
        "price": 1.8885541431441804,
        "priceStdDev": 0.003498764179335362,
        "value": 1.9612891113468853
    },
    {
        "date": 192,
        "deltas": [
            -0.9639236202131133,
            0.2268741504083953,
            0.0
        ],
        "deltasStdDev": [
            0.0004905735070344829,
            0.0001770961609736797,
            0.0
        ],
        "price": 1.863296082437896,
        "priceStdDev": 0.0034361645831363988,
        "value": 1.9252495570230659
    },
    {
        "date": 193,
        "deltas": [
            -0.9510004487822268,
            0.22525677695487945,
            0.0
        ],
        "deltasStdDev": [
            0.000539158900384776,
            0.0001930536772148734,
            0.0
        ],
        "price": 1.6965834203240713,
        "priceStdDev": 0.0034033689110596894,
        "value": 1.7731003454629395
    },
    {
        "date": 194,
        "deltas": [
            -0.9398155931154996,
            0.22382598073421633,
            0.0
        ],
        "deltasStdDev": [
            0.000583999846047592,
            0.0002064995387670719,
            0.0
        ],
        "price": 1.5928197246538163,
        "priceStdDev": 0.0033754198493734567,
        "value": 1.6697711047967427
    },
    {
        "date": 195,
        "deltas": [
            -0.9548373265269742,
            0.22592817027179626,
            0.0
        ],
        "deltasStdDev": [
            0.0005153451592146409,
            0.00018314513596650862,
            0.0
        ],
        "price": 1.7114147651613418,
        "priceStdDev": 0.0033517866375579585,
        "value": 1.7859092339192442
    },
    {
        "date": 196,
        "deltas": [
            -0.9562887676852986,
            0.22625380051609617,
            0.0
        ],
        "deltasStdDev": [
            0.0005079025627517055,
            0.00017947759375132482,
            0.0
        ],
        "price": 1.7119638933871206,
        "priceStdDev": 0.003313089456221377,
        "value": 1.7855541650216233
    },
    {
        "date": 197,
        "deltas": [
            -0.9694806377189281,
            0.22813732244865964,
            0.0
        ],
        "deltasStdDev": [
            0.00045561441755196806,
            0.0001586142475171594,
            0.0
        ],
        "price": 1.844563869986515,
        "priceStdDev": 0.003295381182257134,
        "value": 1.91586690826687
    },
    {
        "date": 198,
        "deltas": [
            -0.9738073562850212,
            0.22839918201523193,
            0.0
        ],
        "deltasStdDev": [
            0.0004419374109591075,
            0.00015261517053329245,
            0.0
        ],
        "price": 1.8758021701383885,
        "priceStdDev": 0.0032223355681881083,
        "value": 1.9450447875211028
    },
    {
        "date": 199,
        "deltas": [
            -0.9702832792889082,
            0.22813255134715082,
            0.0
        ],
        "deltasStdDev": [
            0.0004450660699129499,
            0.0001529274300711617,
            0.0
        ],
        "price": 1.8540932837207669,
        "priceStdDev": 0.0032525208756215354,
        "value": 1.9214033999049214
    },
    {
        "date": 200,
        "deltas": [
            -0.9701807931590585,
            0.22807417086331766,
            0.0
        ],
        "deltasStdDev": [
            0.00044333707841421357,
            0.00015136996904026735,
            0.0
        ],
        "price": 1.8349501869797256,
        "priceStdDev": 0.00322343457882606,
        "value": 1.90597351738794
    },
    {
        "date": 201,
        "deltas": [
            -0.9736330363301674,
            0.2283054272629026,
            0.0
        ],
        "deltasStdDev": [
            0.0004276184684808593,
            0.00014360489141052247,
            0.0
        ],
        "price": 1.8781917228656864,
        "priceStdDev": 0.0031724849590069448,
        "value": 1.9440382661370315
    },
    {
        "date": 202,
        "deltas": [
            -0.9731881552034698,
            0.22836172521836687,
            0.0
        ],
        "deltasStdDev": [
            0.00042802838927127223,
            0.000141751861865099,
            0.0
        ],
        "price": 1.8568113040309413,
        "priceStdDev": 0.003176349787849435,
        "value": 1.931556710412841
    },
    {
        "date": 203,
        "deltas": [
            -0.983025502567573,
            0.22931031528620616,
            0.0
        ],
        "deltasStdDev": [
            0.0003921896503773542,
            0.00012623349504502,
            0.0
        ],
        "price": 2.0234075316960847,
        "priceStdDev": 0.003146263261775997,
        "value": 2.094666118187763
    },
    {
        "date": 204,
        "deltas": [
            -0.9864689054387448,
            0.22977629184266934,
            0.0
        ],
        "deltasStdDev": [
            0.00038351113184670983,
            0.0001196056248567196,
            0.0
        ],
        "price": 2.0734563153597723,
        "priceStdDev": 0.0030899091285671518,
        "value": 2.143027900756964
    },
    {
        "date": 205,
        "deltas": [
            -0.9831814127926934,
            0.22950807776567325,
            0.0
        ],
        "deltasStdDev": [
            0.00038444292038236557,
            0.00012033751198848993,
            0.0
        ],
        "price": 2.0007793833722225,
        "priceStdDev": 0.003076634567124887,
        "value": 2.0682358690422307
    },
    {
        "date": 206,
        "deltas": [
            -0.9822224633950063,
            0.2292350708348486,
            0.0
        ],
        "deltasStdDev": [
            0.0003832500785385393,
            0.0001182864403986001,
            0.0
        ],
        "price": 1.955341203844301,
        "priceStdDev": 0.0030445001656730915,
        "value": 2.0263114727384313
    },
    {
        "date": 207,
        "deltas": [
            -0.9870934835903489,
            0.22979193676278825,
            0.0
        ],
        "deltasStdDev": [
            0.0003669241345510509,
            0.00010885814325258572,
            0.0
        ],
        "price": 2.0496028905017813,
        "priceStdDev": 0.0029662998709995537,
        "value": 2.111226164855851
    },
    {
        "date": 208,
        "deltas": [
            -0.9890972696170096,
            0.2300564244482179,
            0.0
        ],
        "deltasStdDev": [
            0.00036359267303288527,
            0.00010473424568943347,
            0.0
        ],
        "price": 2.0724296197016785,
        "priceStdDev": 0.0029273421670882043,
        "value": 2.139153563818244
    },
    {
        "date": 209,
        "deltas": [
            -0.9771549834569035,
            0.22899645218438544,
            0.0
        ],
        "deltasStdDev": [
            0.00038214030398404827,
            0.00011286525510748941,
            0.0
        ],
        "price": 1.8385698471622696,
        "priceStdDev": 0.0029771395765713724,
        "value": 1.9076770220498682
    },
    {
        "date": 210,
        "deltas": [
            -0.9796809573428358,
            0.22920815246992846,
            0.0
        ],
        "deltasStdDev": [
            0.000371393717241884,
            0.00010730448848690853,
            0.0
        ],
        "price": 1.8632126700537286,
        "priceStdDev": 0.002947475711917075,
        "value": 1.9359672781091302
    },
    {
        "date": 211,
        "deltas": [
            -0.9746376248347932,
            0.15277690248738313,
            0.0
        ],
        "deltasStdDev": [
            0.00039183096162781527,
            0.00010026843794592705,
            0.0
        ],
        "price": 1.76987543090119,
        "priceStdDev": 0.0029329037881663422,
        "value": 1.8410505757563573
    },
    {
        "date": 212,
        "deltas": [
            -0.9753525713789004,
            0.15267599323130537,
            0.0
        ],
        "deltasStdDev": [
            0.0003782942510048826,
            9.735473565031065e-05,
            0.0
        ],
        "price": 1.7689836050885246,
        "priceStdDev": 0.00289448985464145,
        "value": 1.8371338996511337
    },
    {
        "date": 213,
        "deltas": [
            -0.9770883039146123,
            0.15283573201682096,
            0.0
        ],
        "deltasStdDev": [
            0.00036891770721337593,
            9.378011521681458e-05,
            0.0
        ],
        "price": 1.7854582189354578,
        "priceStdDev": 0.0028638763858899003,
        "value": 1.8509607777883312
    },
    {
        "date": 214,
        "deltas": [
            -0.9742475888214512,
            0.15266249948149407,
            0.0
        ],
        "deltasStdDev": [
            0.00037689576309205,
            9.447903742752118e-05,
            0.0
        ],
        "price": 1.7289833836138335,
        "priceStdDev": 0.002827304358478688,
        "value": 1.7983164366951252
    },
    {
        "date": 215,
        "deltas": [
            -0.9788549587929661,
            0.15302197837679796,
            0.0
        ],
        "deltasStdDev": [
            0.0003553337553709731,
            8.926741352395765e-05,
            0.0
        ],
        "price": 1.7682355517946695,
        "priceStdDev": 0.00277098978374344,
        "value": 1.8332933961659617
    },
    {
        "date": 216,
        "deltas": [
            -0.9756504694898819,
            0.15285477296013464,
            0.0
        ],
        "deltasStdDev": [
            0.00036770874567762925,
            9.0270049681158e-05,
            0.0
        ],
        "price": 1.7158665765742722,
        "priceStdDev": 0.0027643445411798433,
        "value": 1.786418366489407
    },
    {
        "date": 217,
        "deltas": [
            -0.971514403756877,
            0.152563479085493,
            0.0
        ],
        "deltasStdDev": [
            0.00036918718091283315,
            8.954138873803218e-05,
            0.0
        ],
        "price": 1.6425211576695082,
        "priceStdDev": 0.002722042528557235,
        "value": 1.7133781384505156
    },
    {
        "date": 218,
        "deltas": [
            -0.9789638949152717,
            0.1531965757576104,
            0.0
        ],
        "deltasStdDev": [
            0.0003449443222837691,
            8.25019966462985e-05,
            0.0
        ],
        "price": 1.7384100057881497,
        "priceStdDev": 0.002683719506969993,
        "value": 1.7999689410781414
    },
    {
        "date": 219,
        "deltas": [
            -0.9723025903438756,
            0.15268508519195012,
            0.0
        ],
        "deltasStdDev": [
            0.0003632641739656224,
            8.632282542872314e-05,
            0.0
        ],
        "price": 1.6309783856622713,
        "priceStdDev": 0.0026759997981461547,
        "value": 1.6992658807758616
    },
    {
        "date": 220,
        "deltas": [
            -0.973304063610757,
            0.15279943210525684,
            0.0
        ],
        "deltasStdDev": [
            0.00035147096702079194,
            8.199517431071944e-05,
            0.0
        ],
        "price": 1.630254785902748,
        "priceStdDev": 0.002643685453023409,
        "value": 1.7051037410584424
    },
    {
        "date": 221,
        "deltas": [
            -0.9684224322721126,
            0.15265266511668363,
            0.0
        ],
        "deltasStdDev": [
            0.00036605250983545067,
            8.324197948233961e-05,
            0.0
        ],
        "price": 1.5862872978687659,
        "priceStdDev": 0.002645175788858626,
        "value": 1.657608590382801
    },
    {
        "date": 222,
        "deltas": [
            -0.935290085697738,
            0.15039707029005625,
            0.0
        ],
        "deltasStdDev": [
            0.0004872087423395987,
            0.00010726259474191211,
            0.0
        ],
        "price": 1.3227066980782325,
        "priceStdDev": 0.0026486161029709047,
        "value": 1.402855827191436
    },
    {
        "date": 223,
        "deltas": [
            -0.9483039793783272,
            0.15149970069543528,
            0.0
        ],
        "deltasStdDev": [
            0.0004367813142154927,
            9.478198908020168e-05,
            0.0
        ],
        "price": 1.3903372316800346,
        "priceStdDev": 0.0026094333632870133,
        "value": 1.4719016473211912
    },
    {
        "date": 224,
        "deltas": [
            -0.9414834122835144,
            0.15112418670686742,
            0.0
        ],
        "deltasStdDev": [
            0.00045817023122551984,
            9.706355426315167e-05,
            0.0
        ],
        "price": 1.3395079513337584,
        "priceStdDev": 0.002578818342583053,
        "value": 1.4206717499915422
    },
    {
        "date": 225,
        "deltas": [
            -0.9254730159839627,
            0.15014153255073476,
            0.0
        ],
        "deltasStdDev": [
            0.0005076480576198534,
            0.00010622351009839525,
            0.0
        ],
        "price": 1.2365461042702228,
        "priceStdDev": 0.00255217988167999,
        "value": 1.3260659837382587
    },
    {
        "date": 226,
        "deltas": [
            -0.9247562811420328,
            0.15018247663049297,
            0.0
        ],
        "deltasStdDev": [
            0.0005053470619112674,
            0.00010501362297435242,
            0.0
        ],
        "price": 1.219625085050886,
        "priceStdDev": 0.0024997050943730264,
        "value": 1.3064954408865308
    },
    {
        "date": 227,
        "deltas": [
            -0.9217122559601683,
            0.15007511856977146,
            0.0
        ],
        "deltasStdDev": [
            0.0005107141272419736,
            0.00010407633619939148,
            0.0
        ],
        "price": 1.2009136685490605,
        "priceStdDev": 0.0024744402141671277,
        "value": 1.2984961487693392
    },
    {
        "date": 228,
        "deltas": [
            -0.9215966724335491,
            0.15018991813708063,
            0.0
        ],
        "deltasStdDev": [
            0.0005007804485489901,
            9.951151983676045e-05,
            0.0
        ],
        "price": 1.1915835045223155,
        "priceStdDev": 0.0024430594636196627,
        "value": 1.288947047963191
    },
    {
        "date": 229,
        "deltas": [
            -0.9032618948408083,
            0.1490065365661904,
            0.0
        ],
        "deltasStdDev": [
            0.0005540200385421688,
            0.00010991857449267298,
            0.0
        ],
        "price": 1.101977350832822,
        "priceStdDev": 0.0024020290442840105,
        "value": 1.206498063583699
    },
    {
        "date": 230,
        "deltas": [
            -0.9132135933650507,
            0.150053738729136,
            0.0
        ],
        "deltasStdDev": [
            0.000516852301154044,
            9.931756577568619e-05,
            0.0
        ],
        "price": 1.1332678489546508,
        "priceStdDev": 0.0023490263996553892,
        "value": 1.234496013694681
    },
    {
        "date": 231,
        "deltas": [
            -0.9157371550255199,
            0.15009401545293083,
            0.0
        ],
        "deltasStdDev": [
            0.0005067440128884665,
            9.629719442741994e-05,
            0.0
        ],
        "price": 1.1379865094339505,
        "priceStdDev": 0.002328918125396438,
        "value": 1.238146810661397
    },
    {
        "date": 232,
        "deltas": [
            -0.9372043504976572,
            0.07600560812876626,
            0.0
        ],
        "deltasStdDev": [
            0.00043274783162618565,
            5.147200965901973e-05,
            0.0
        ],
        "price": 1.2163503638914406,
        "priceStdDev": 0.0022422672711959737,
        "value": 1.2840699475431272
    },
    {
        "date": 233,
        "deltas": [
            -0.9428435256540697,
            0.07613935968918459,
            0.0
        ],
        "deltasStdDev": [
            0.0004037274076060846,
            4.765399916575704e-05,
            0.0
        ],
        "price": 1.2383129785851492,
        "priceStdDev": 0.0022027564354722526,
        "value": 1.3035737363704945
    },
    {
        "date": 234,
        "deltas": [
            -0.9264833923498106,
            0.07578993579852761,
            0.0
        ],
        "deltasStdDev": [
            0.0004517870146170044,
            5.085921801787301e-05,
            0.0
        ],
        "price": 1.1389011972704772,
        "priceStdDev": 0.0021475614572221313,
        "value": 1.2080468460767317
    },
    {
        "date": 235,
        "deltas": [
            -0.9367131503388814,
            0.0762080399742856,
            0.0
        ],
        "deltasStdDev": [
            0.0004088049375280486,
            4.575910960978489e-05,
            0.0
        ],
        "price": 1.1720590205524342,
        "priceStdDev": 0.002090533137996109,
        "value": 1.2380716667141867
    },
    {
        "date": 236,
        "deltas": [
            -0.9305604153186638,
            0.07608911216761698,
            0.0
        ],
        "deltasStdDev": [
            0.00042681138204498346,
            4.626964105301576e-05,
            0.0
        ],
        "price": 1.12674170505176,
        "priceStdDev": 0.0020406585047633074,
        "value": 1.1996796695715997
    },
    {
        "date": 237,
        "deltas": [
            -0.949232119579643,
            0.07647435413063247,
            0.0
        ],
        "deltasStdDev": [
            0.0003587886071122831,
            3.962606558491872e-05,
            0.0
        ],
        "price": 1.2079611265667511,
        "priceStdDev": 0.0019653140944187607,
        "value": 1.2742023805853533
    },
    {
        "date": 238,
        "deltas": [
            -0.9039018966065304,
            0.07569371485104487,
            0.0
        ],
        "deltasStdDev": [
            0.0004867212987998012,
            4.931169807029828e-05,
            0.0
        ],
        "price": 0.9929280386712105,
        "priceStdDev": 0.0019256816090199957,
        "value": 1.0684701621782917
    },
    {
        "date": 239,
        "deltas": [
            -0.8918058189940508,
            0.07547739035741276,
            0.0
        ],
        "deltasStdDev": [
            0.0005091635908017159,
            5.083430789379921e-05,
            0.0
        ],
        "price": 0.9365311451418002,
        "priceStdDev": 0.0018590097752262265,
        "value": 1.0133710767202508
    },
    {
        "date": 240,
        "deltas": [
            -0.8675827413009014,
            0.07504103847143591,
            0.0
        ],
        "deltasStdDev": [
            0.0005496069639278877,
            5.521501542204226e-05,
            0.0
        ],
        "price": 0.851119909030017,
        "priceStdDev": 0.001798179245462383,
        "value": 0.9414200268831303
    },
    {
        "date": 241,
        "deltas": [
            -0.9022135687027165,
            0.07608721128139849,
            0.0
        ],
        "deltasStdDev": [
            0.0004634172380234418,
            4.143740719451646e-05,
            0.0
        ],
        "price": 0.9458078927475696,
        "priceStdDev": 0.001726128865735641,
        "value": 1.028685760251455
    },
    {
        "date": 242,
        "deltas": [
            -0.9478087765398435,
            0.07672025862232325,
            0.0
        ],
        "deltasStdDev": [
            0.00032650702526293104,
            3.023331759035702e-05,
            0.0
        ],
        "price": 1.1085598654853719,
        "priceStdDev": 0.0016320794534094604,
        "value": 1.1756257488018598
    },
    {
        "date": 243,
        "deltas": [
            -0.9570649225399261,
            0.0768906290367084,
            0.0
        ],
        "deltasStdDev": [
            0.0002852575286203447,
            2.711248394682244e-05,
            0.0
        ],
        "price": 1.1307992008900392,
        "priceStdDev": 0.0015348457755734787,
        "value": 1.1969779707069037
    },
    {
        "date": 244,
        "deltas": [
            -0.9776733038911357,
            0.07694032721584798,
            0.0
        ],
        "deltasStdDev": [
            0.000203676662213596,
            2.417113166413818e-05,
            0.0
        ],
        "price": 1.2442056234971854,
        "priceStdDev": 0.0014340673484458122,
        "value": 1.3007241836403622
    },
    {
        "date": 245,
        "deltas": [
            -0.9837942399303415,
            0.07693333275300981,
            0.0
        ],
        "deltasStdDev": [
            0.0001734655740701311,
            2.273455800750396e-05,
            0.0
        ],
        "price": 1.2731782014668052,
        "priceStdDev": 0.0013426703554394813,
        "value": 1.3292503187057036
    },
    {
        "date": 246,
        "deltas": [
            -0.9761638622617519,
            0.07692290630048508,
            0.0
        ],
        "deltasStdDev": [
            0.00019315939124131133,
            2.1011090586191335e-05,
            0.0
        ],
        "price": 1.169058372518666,
        "priceStdDev": 0.0012542310776880606,
        "value": 1.2299730668161892
    },
    {
        "date": 247,
        "deltas": [
            -0.9877137886322099,
            0.07696602204016474,
            0.0
        ],
        "deltasStdDev": [
            0.00014152373386080582,
            1.907458818964095e-05,
            0.0
        ],
        "price": 1.232280547937586,
        "priceStdDev": 0.0011320157884028076,
        "value": 1.28972230310133
    },
    {
        "date": 248,
        "deltas": [
            -0.9767444175646556,
            0.0769338580306383,
            0.0
        ],
        "deltasStdDev": [
            0.0001694931007248714,
            1.7008696164869994e-05,
            0.0
        ],
        "price": 1.107352486302721,
        "priceStdDev": 0.0010252422248719709,
        "value": 1.1635281503712847
    },
    {
        "date": 249,
        "deltas": [
            -0.9902529708876275,
            0.07693097877163112,
            0.0
        ],
        "deltasStdDev": [
            0.00011007751524709718,
            1.4665683363771626e-05,
            0.0
        ],
        "price": 1.1703486817490083,
        "priceStdDev": 0.0008778750941068966,
        "value": 1.2270956022120298
    },
    {
        "date": 250,
        "deltas": [
            -0.9898646257557955,
            0.07694570238617447,
            0.0
        ],
        "deltasStdDev": [
            9.691208537487111e-05,
            1.1944007094540063e-05,
            0.0
        ],
        "price": 1.1179377800803034,
        "priceStdDev": 0.0007313583890656289,
        "value": 1.1763772013810065
    },
    {
        "date": 251,
        "deltas": [
            -0.9662352852642088,
            0.076916912046763,
            0.0
        ],
        "deltasStdDev": [
            0.00014673239172330717,
            8.381487088284152e-06,
            0.0
        ],
        "price": 0.9567942437203187,
        "priceStdDev": 0.0005273927227304586,
        "value": 1.0161365960529718
    },
    {
        "date": 252,
        "deltas": [
            -1.000010006254075,
            0.07692369255644156,
            0.0
        ],
        "deltasStdDev": [
            2.0005909314183144e-05,
            1.37612761290219e-06,
            0.0
        ],
        "price": 1.1174340414508086,
        "priceStdDev": 2.9242183873506284e-05,
        "value": 1.1701535526045
    }
]